movie,component1,component2,component3
The Shawshank Redemption,-0.259471608,-0.651401428,0.072345334
The Godfather,-0.195032736,-0.987468152,0.308646833
The Dark Knight,-0.460138754,-0.064872519,0.280699856
The Godfather: Part II,-0.204539166,-1.088937073,0.42536894
12 Angry Men,-0.10348017,-0.266241221,-0.009128336
The Lord of the Rings: The Return of the King,-0.670111505,0.566027041,0.117621031
Pulp Fiction,-0.269247856,-1.058417964,0.241803385
Schindler's List,-0.257313874,-0.876811676,-0.339957818
Inception,-0.991963071,0.948152122,0.275613696
Fight Club,-0.145508749,-0.726766194,0.014296335
The Lord of the Rings: The Fellowship of the Ring,-0.666164425,0.565362881,0.115727157
Forrest Gump,-0.259670761,0.062958517,-0.714358828
"The Good, the Bad and the Ugly",0.599712506,-0.184331437,0.517364694
Soorarai Pottru,1.297251241,0.341415138,0.083592158
The Lord of the Rings: The Two Towers,-0.653673193,0.573150667,0.116738113
The Matrix,-0.669270007,-0.088474498,0.915358714
Goodfellas,-0.184678088,-1.02559999,0.205648995
Star Wars: Episode V - The Empire Strikes Back,-0.868156855,1.112425277,0.576666783
One Flew Over the Cuckoo's Nest,-0.230587126,-0.642202521,0.021246524
Hamilton,-0.274501812,-0.044992536,-0.715691433
Parasite,0.309762393,-0.540829838,0.265329882
Interstellar,-0.710702629,0.38534208,-0.312012752
City of God,0.954847097,-0.821540082,0.522328682
Spirited Away,0.297854637,1.540925349,0.59532214
Saving Private Ryan,-0.239738289,-0.784890239,-0.439581213
The Green Mile,-0.154129534,-0.845973017,0.136062543
Life Is Beautiful,0.424293099,0.197720968,-0.973607496
Se7en,-0.124424201,-0.933678694,0.495754878
The Silence of the Lambs,-0.183552602,-1.011654914,0.566778755
Star Wars: Episode IV - A New Hope,-0.893056491,1.104217473,0.568633933
Hara-Kiri,1.303788746,0.565790948,0.589651688
Seven Samurai,1.007423253,0.976843355,0.661004306
It's a Wonderful Life,-0.29090816,0.279845231,-0.727662813
Joker,-0.139558865,-0.973093906,0.633905355
Vikram Vedha,1.593329129,0.405607301,0.864027594
Whiplash,-0.227978102,-0.672562341,-0.009208445
The Intouchables,0.400789034,-0.624551595,-0.513806173
The Prestige,-0.400141725,-0.012280735,-0.413866071
The Departed,-0.184451562,-0.993539278,0.662294905
The Pianist,-0.215069535,-1.028898299,-0.528671296
Gladiator,-0.650964491,-0.208204122,0.574341104
American History X,-0.194451143,-0.630684945,0.056000376
The Usual Suspects,-0.43187485,-0.882656727,0.849643485
Léon: The Professional,-0.125193565,-0.944453654,0.370941334
The Lion King,-0.491169173,0.557948004,-0.109560031
Terminator 2: Judgment Day,-0.611999801,-0.298883867,0.871423133
Cinema Paradiso,0.959217177,-0.641234203,0.034045141
Grave of the Fireflies,1.309448396,0.659970407,0.091763611
Back to the Future,-0.893161513,1.086143758,0.080072612
Once Upon a Time in the West,-0.445037713,0.36752498,-0.292895323
Psycho,-0.492033002,-0.447438378,0.605115148
Casablanca,-0.186381201,-0.028539853,-1.191291835
Modern Times,-0.278075918,0.285942581,-0.551307541
City Lights,-0.207918569,0.191267655,-0.774164315
Capernaum,0.210435026,-0.701275033,-0.014662536
Ayla: The Daughter of War,0.704503432,0.007380645,-0.306819272
Your Name.,0.842333979,0.799894958,0.13192724
Dangal,1.224000721,0.513219172,0.238073754
Spider-Man: Into the Spider-Verse,-0.93111088,1.10156711,0.767773948
Avengers: Endgame,-0.524314143,0.610752322,0.087170661
Avengers: Infinity War,-0.917429184,0.99185267,0.535876108
Coco,-0.844931343,1.062862501,0.307062734
Django Unchained,-0.232567053,-0.831641738,-0.40438487
The Dark Knight Rises,-1.013095306,0.879739938,0.390139786
3 Idiots,0.622449298,0.520444045,-0.442875869
Taare Zameen Par,1.282993534,0.724278013,-0.001280101
WALL·E,-0.793169698,1.013741707,0.215020592
The Lives of Others,0.910017426,-0.822136706,0.284867183
Oldboy,0.75107423,-0.393059995,0.872051876
Memento,-0.476007693,-0.446182162,0.654347433
Princess Mononoke,0.309476797,1.458557887,0.485707999
Once Upon a Time in America,0.11392767,-0.969858252,0.026607097
Indiana Jones and the Raiders of the Lost Ark,-0.914860384,0.874769629,0.554739635
The Shining,-0.302711479,-0.694394177,-0.043126172
Apocalypse Now,-0.224902587,-0.80982971,-0.276694097
Alien,-0.689105684,-0.298750613,0.352140949
Anand,1.786562021,0.604738366,0.038398146
High and Low,1.65306707,0.283252715,0.573328776
Dr. Strangelove or: How I Learned to Stop Worrying and Love the Bomb,-0.693781012,0.627738313,-0.289177792
Witness for the Prosecution,0.154793713,-0.292853479,-0.005236516
Paths of Glory,-0.131431562,-0.129639225,-0.595019852
Rear Window,-0.505887292,0.362141287,0.191122795
Sunset Blvd.,0.043532997,0.074848992,-0.359433332
The Great Dictator,-0.000340871,0.22524819,-0.549568312
1917,-0.119188925,-0.86642702,-0.253568108
Tumbbad,1.770532763,0.626590828,0.099665616
Andhadhun,1.416827083,0.21722938,0.23801342
Drishyam,1.681029676,0.155567142,0.606861088
The Hunt,0.408737391,-0.615694661,0.14272725
A Separation,0.78983126,0.164761732,-0.394017077
Incendies,0.433810086,-0.83152709,-0.274174621
7 Kogustaki Mucize,1.10051173,0.245988176,0.02258225
My Father and My Son,1.087059482,0.354673952,-0.004831991
Toy Story 3,-0.864343105,0.973141993,0.235080815
Inglourious Basterds,-0.399211005,-0.524950339,-0.319836021
Eternal Sunshine of the Spotless Mind,-0.293582885,-0.63772418,-0.130996771
Amélie,0.18189001,-0.24677734,-0.322490557
Snatch,-0.542623587,-0.377750117,0.534517519
Requiem for a Dream,-0.209916533,-0.637414571,0.045204144
American Beauty,-0.257048925,-0.656545579,0.038361166
Good Will Hunting,-0.174579037,-0.652558844,-0.191590147
Children of Heaven,0.773688281,0.472074656,-0.173614696
Toy Story,-0.83137174,1.083873973,0.105162119
Braveheart,-0.20830405,-0.920121044,-0.535990473
Reservoir Dogs,-0.172330715,-0.969267545,0.582451682
Full Metal Jacket,-0.315280833,-0.717030508,-0.127234387
Come and See,1.470769889,0.242158061,-0.036497123
Aliens,-0.911064833,0.25873389,1.028238776
Amadeus,-0.071787049,-1.057171499,-0.597543737
Scarface,-0.183179452,-0.964660817,0.510603987
Star Wars: Episode VI - Return of the Jedi,-0.823500539,1.131056602,0.586899272
Das Boot,0.559484268,-0.238486597,0.484740925
Taxi Driver,-0.253028135,-0.987322257,0.483850161
The Sting,-0.231044609,0.104218723,-0.1569767
A Clockwork Orange,-0.339647879,-0.887564802,0.359995061
2001: A Space Odyssey,-0.858437991,0.717009288,0.10255289
For a Few Dollars More,0.200936734,-0.28727389,0.350011425
Lawrence of Arabia,0.027783136,0.236762174,-0.340464856
The Apartment,-0.187234003,0.100382497,-0.742381972
North by Northwest,-0.651536185,0.441515171,0.094132875
Vertigo,-0.466156123,0.346533335,-0.043379143
Singin' in the Rain,-0.47585365,0.559312917,-0.419622848
Ikiru,1.557348983,0.583687358,0.127394409
Bicycle Thieves,1.076263041,0.152121936,-0.427853538
Double Indemnity,-0.11810042,-0.242708935,-0.075363966
Citizen Kane,-0.232313676,0.018604957,-0.413122484
M,0.896357131,0.177509701,0.738141372
Metropolis,1.155010944,0.278488797,-0.194573849
The Kid,-0.037128982,0.353740049,-0.531750854
Chhichhore,1.700867747,0.731562832,-0.030704703
Uri: The Surgical Strike,1.676153321,0.702936742,0.459456846
K.G.F: Chapter 1,1.508031873,0.61798538,0.497321355
Green Book,-0.301317678,0.049580225,-0.937222837
"Three Billboards Outside Ebbing, Missouri",-0.347045504,-0.786326716,0.193340626
Talvar,1.848268749,0.273835742,0.52379702
Baahubali 2: The Conclusion,1.510215324,0.618905653,0.498967349
Klaus,-0.316106105,1.268851518,0.130759768
Drishyam,1.420744646,0.151885524,0.361021875
Queen,1.111484363,0.992516718,-0.242522347
Tangerines,1.265604578,0.303440916,-0.132762764
Soul,-0.840516001,1.231954377,0.085840638
Bhaag Milkha Bhaag,1.749143237,0.486085063,-0.060743801
Gangs of Wasseypur,1.073639696,-0.366675806,1.153386817
Udaan,1.75945219,0.573921322,0.084134848
Paan Singh Tomar,1.440900174,0.790249983,1.100680322
The Secret in Their Eyes,0.813805554,-0.666290352,0.272349195
Warrior,-0.392671755,0.112943265,0.046034522
Shutter Island,-0.43739792,-0.481457571,0.549403264
Up,-0.884366774,1.22530514,0.089401072
The Wolf of Wall Street,-0.204471527,-1.025827019,0.000690977
Chak De! India,1.58325971,0.599077365,-0.011136174
There Will Be Blood,-0.265421468,-0.672209922,0.028174287
Pan's Labyrinth,0.673323736,-0.534286135,0.370052517
V for Vendetta,-0.464034959,-0.572632457,0.472477116
Rang De Basanti,1.759547992,0.510083718,0.320335624
Black,1.330387727,0.456807428,-0.083483099
Batman Begins,-0.987185632,0.903864398,0.402168089
Swades,1.332172271,0.451955957,-0.084165902
Downfall,0.409833038,-0.886637317,-0.588748947
Howl's Moving Castle,0.322934962,1.551802794,0.596730775
A Beautiful Mind,-0.293099047,-0.000907036,-0.62501765
Hera Pheri,1.398679491,1.034797914,1.098944049
"Lock, Stock and Two Smoking Barrels",-0.099396887,-0.145992447,1.077497154
L.A. Confidential,-0.171332738,-0.961037138,0.454727539
The Bandit,1.267396753,-0.171137862,0.422148608
Heat,-0.204003312,-1.08080861,0.695096591
Casino,-0.061362499,-0.975117373,0.251535988
Andaz Apna Apna,0.917313751,1.300877245,0.436565268
Unforgiven,-0.253066517,-0.654172964,0.015876232
Indiana Jones and the Last Crusade,-0.85835569,0.910957691,0.317886811
Time of the Gypsies,0.529874795,-0.750716965,0.095578735
My Neighbor Totoro,0.578441214,1.131839801,0.452699563
Die Hard,-0.477575559,-0.243266099,0.915043866
Ran,0.880528461,-0.256650528,0.649259874
Raging Bull,-0.263129891,-0.736673677,-0.145697234
Stalker,1.353473835,0.427025097,0.027208498
Autumn Sonata,0.593765291,0.109948323,-0.522397996
The Message,0.395414803,0.160279851,-0.546435547
Sholay,1.099839202,1.6179654,0.87338222
Monty Python and the Holy Grail,-0.394162804,1.054795574,-0.305604687
The Great Escape,-0.428044516,0.050328865,-0.620926303
To Kill a Mockingbird,-0.105511974,-0.27001844,-0.018196619
Yojimbo,1.453298077,0.621795774,0.758971944
Judgment at Nuremberg,-0.067731433,-0.073910169,-0.555706304
Some Like It Hot,-0.461965126,0.481493044,-0.476710015
Wild Strawberries,1.291734882,0.248455713,-0.35303106
The Seventh Seal,1.227435311,0.30332992,-0.201630067
Rififi,0.93879793,-0.359276575,-0.198222373
Dial M for Murder,-0.415929086,0.238014433,0.486671681
Tokyo Story,1.120843937,0.461877568,-0.037562491
Rashomon,1.403012199,0.18783584,0.489527032
All About Eve,-0.19358143,-0.094003243,-0.709672596
The Treasure of the Sierra Madre,-0.48266829,0.200753939,-0.129459225
To Be or Not to Be,-0.460899272,0.474218669,-0.389100942
The Gold Rush,-0.254248208,0.604918551,-0.346997704
Sherlock Jr.,-0.339080472,0.766608167,0.044745963
Portrait of a Lady on Fire,0.886007373,-0.705673068,-0.428823071
Pink,1.758523664,0.469773854,0.274765888
A Silent Voice: The Movie,1.294057255,0.764494418,0.158059968
The Invisible Guest,1.107309911,-0.184612023,0.5933301
The Handmaiden,1.37998437,0.253068958,0.060453535
Mommy,0.326009125,-0.637850416,-0.142848774
Haider,1.716079467,0.486499349,0.883627968
Logan,-0.45787101,-0.590166911,0.668168046
Room,-0.373317165,-0.849286649,0.140369923
Wild Tales,0.682607424,-0.683625796,0.281879253
Winter Sleep,0.92713502,0.030938267,-0.354964752
PK,1.701988935,0.741874113,-0.051531365
OMG: Oh My God!,1.235642478,0.686163651,-0.201533348
The Grand Budapest Hotel,-0.739261146,-0.150027329,0.366279276
Gone Girl,-0.220421259,-0.837520064,0.30776729
Wolf Children,0.844429258,0.802877404,0.125003726
Hacksaw Ridge,-0.17263107,-0.678259694,-0.06856446
Inside Out,-0.895149072,1.21615321,0.080506165
Barfi!,1.731134548,0.718094113,-0.273066114
12 Years a Slave,-0.398460363,-0.848049211,-0.269081242
Rush,-0.442797063,-0.980831318,-0.086783089
Ford v Ferrari,-0.307269023,0.083993873,-0.443712093
Spotlight,-0.227556637,-0.976990316,0.258221103
Song of the Sea,0.143891761,0.640405616,-0.231825365
Kahaani,1.517020557,0.775868065,0.693017431
Zindagi Na Milegi Dobara,1.688744433,0.729765704,-0.039950261
Prisoners,-0.135153776,-0.950414708,0.481546339
Mad Max: Fury Road,-0.969897264,0.224023207,1.039829276
A Wednesday,1.709888466,0.491751328,0.879162484
Gran Torino,-0.21542117,-0.701098277,0.03678281
Harry Potter and the Deathly Hallows: Part 2,-0.670485175,0.428088958,-0.423621047
Departures,0.901902475,0.452079369,-0.134334905
Hachi: A Dog's Tale,-0.071262541,0.131267035,-0.427915777
Mary and Max,0.850453967,0.613190111,-0.200167454
How to Train Your Dragon,-0.893009932,1.216791476,0.651363898
Elite Squad,-0.164526674,-1.034587571,0.49822215
Into the Wild,-0.478321862,-0.392788245,0.067133563
No Country for Old Men,-0.259824665,-1.113939493,0.718712817
Lage Raho Munna Bhai,1.232542551,0.693037039,-0.479997168
Million Dollar Baby,-0.30332868,0.064596446,-0.530261072
Hotel Rwanda,-0.346045021,-0.199323833,-1.144084532
Tae Guk Gi: The Brotherhood of War,0.765798428,-0.320845846,0.722884379
Before Sunset,-0.130605642,-0.840257919,-0.640557558
Munna Bhai M.B.B.S.,1.702315503,0.745012237,-0.063274586
Memories of Murder,0.793778974,0.083763927,0.642808035
Dil Chahta Hai,1.730678208,0.718794959,-0.283470199
Kill Bill: Vol. 1,-0.396813038,-0.340052456,1.256129318
Finding Nemo,-0.852565863,1.077279686,0.123385016
Catch Me If You Can,-0.276064403,-0.308834045,-0.54316072
Amores Perros,0.713051857,-0.668809404,0.605415805
"Monsters, Inc.",-0.810375028,1.091851845,0.115131084
Neon Genesis Evangelion: The End of Evangelion,1.391300963,0.89487192,0.66200759
Lagaan: Once Upon a Time in India,0.44684853,0.781552486,-0.071395711
The Sixth Sense,-0.285291106,-0.233185426,-0.133054605
The Legend of 1900,0.522761744,-0.732450402,-0.552307893
The Truman Show,-0.428334462,0.338640668,-0.426406716
"Black Cat, White Cat",0.685789969,-0.295312068,0.478156046
The Big Lebowski,-0.628657233,-0.548971586,0.507276345
In the Mood for Love,0.722426978,0.181166,-0.45335259
Trainspotting,0.204919667,-0.625171582,0.038837808
Fargo,-0.295073096,-1.041075453,0.488246105
Underground,0.379038704,-0.000265623,-1.138061482
La Haine,1.546255555,0.006248361,-0.063540945
Dilwale Dulhania Le Jayenge,1.789693247,0.559571832,-0.166540273
Before Sunrise,-0.174750929,-0.777689329,-0.635903908
Three Colors: Red,0.874818076,-0.729468909,-0.338059839
Chungking Express,0.527000002,0.299353306,0.035967285
Jurassic Park,-0.994064527,0.885571828,0.626202503
In the Name of the Father,0.261950851,-0.938981649,0.246973781
Raise the Red Lantern,0.978804256,0.42955586,-0.332638133
Dead Poets Society,-0.311740646,0.281365106,-0.525239164
Stand by Me,-0.46891159,-0.290035561,0.172132501
Platoon,-0.362343797,-0.737435766,-0.151137461
"Paris, Texas",0.297518243,-0.838970488,-0.003616689
Nausicaä of the Valley of the Wind,0.30185556,1.527906302,0.596057808
The Thing,-0.502648144,-0.290300344,0.520435482
Pink Floyd: The Wall,0.296623383,-0.521291912,-0.011335465
Fitzcarraldo,0.282282973,0.461773225,-0.140902811
Fanny and Alexander,0.452425801,-0.833081368,-0.470170363
Blade Runner,-0.641675469,-0.171000348,1.069891598
The Elephant Man,-0.364401912,-0.040897522,-0.890920529
Monty Python's Life of Brian,-0.097219313,-0.10821864,0.22680905
The Deer Hunter,-0.253747153,-0.756805701,-0.347365214
Rocky,-0.227904694,0.16949802,-0.400360395
Network,-0.243434835,-0.648466033,-0.004231037
Barry Lyndon,-0.58314033,0.306939146,-0.823510295
The Mirror,0.946397671,0.114523584,-0.090955888
Chinatown,-0.290519016,-0.953362213,0.406990809
Paper Moon,-0.233281706,0.106926746,-0.162021288
Cries & Whispers,1.007549894,-0.432667852,0.190848004
Solaris,0.708277028,0.268784942,-0.157632544
Le Samouraï,1.268260079,-0.254842283,-0.076715218
Cool Hand Luke,-0.111472862,-0.278803364,-0.001260196
Persona,0.819997646,0.074011059,-0.066678392
Andrei Rublev,0.974635059,-0.543347525,0.008108521
The Battle of Algiers,0.797260339,0.07577786,-0.66795861
The Exterminating Angel,1.325045278,0.359963223,0.107119698
What Ever Happened to Baby Jane?,-0.141647883,-0.118742244,-0.208550244
Sanjuro,1.174097486,1.03695312,1.153326171
The Man Who Shot Liberty Valance,0.175254564,0.100247469,-0.360821064
Ivan's Childhood,1.435131453,0.346383325,-0.249643462
The Virgin Spring,1.452735434,0.337801097,-0.15739294
Inherit the Wind,-0.161787086,-0.126424922,-0.61944635
The 400 Blows,1.116632953,-0.101799337,-0.258661123
Ben-Hur,-0.435133264,0.331574177,-0.31615016
The Hidden Fortress,1.299526343,0.928811618,0.283147743
Nights of Cabiria,1.566345016,0.161795246,-0.302984246
Throne of Blood,1.53929308,0.548094413,0.040931592
The Bridge on the River Kwai,-0.512428611,0.523604792,-0.319950174
On the Waterfront,-0.116085068,-0.371941839,0.154191432
The Wages of Fear,0.674038126,0.022206432,-0.479615033
Ace in the Hole,-0.187769876,-0.171543994,-0.302638921
White Heat,0.366613222,0.118046193,0.494165777
The Third Man,0.039311036,0.130479096,0.062478221
The Red Shoes,0.922496805,0.13073365,-0.888192629
The Shop Around the Corner,0.161312804,0.256568964,-0.738573453
Rebecca,-0.107954411,-0.190667448,-0.849624544
Mr. Smith Goes to Washington,-0.208277361,0.153908482,-0.541385733
Gone with the Wind,-0.155466723,-0.081430847,-0.752979617
La Grande Illusion,1.079287329,0.063341161,-0.855928644
It Happened One Night,-0.456783744,0.491343154,-0.419235917
The Passion of Joan of Arc,1.097888272,0.017098497,-0.762485181
The Circus,-0.461155118,0.52732052,-0.459144912
Sunrise,0.063217751,0.061360772,-0.611044847
The General,-0.63175302,1.123902219,0.434605689
The Cabinet of Dr. Caligari,1.165106993,0.718890727,0.223696272
Shoplifters,0.923023495,-0.516972851,0.804078661
Badhaai Ho,1.675780978,0.726055095,-0.037841662
Togo,-0.477733861,0.42939342,-0.332286897
Airlift,1.74174796,0.535662123,-0.001219317
Bajrangi Bhaijaan,1.079656105,1.603302577,0.910096442
Baby,1.444890601,0.762494846,1.415947182
La La Land,-0.381833787,0.18607921,-0.621557188
Lion,-0.237419517,0.029482208,-0.667805476
The Martian,-0.726856915,0.402800413,-0.334879266
Zootopia,-0.865298576,1.228370761,0.086528403
Baahubali: The Beginning,1.657151998,0.715342286,0.527779423
The Tale of The Princess Kaguya,0.579738345,1.057699512,0.265574933
Wonder,-0.268359565,0.240407716,-0.344893972
Gully Boy,1.216274118,0.352481471,-0.413629544
Special 26,1.804847073,0.242267872,0.629442947
Short Term 12,-0.248662742,-0.660380291,0.024296821
The Raid 2,-0.444545189,-0.372898558,1.480475433
The Imitation Game,-0.395928014,-0.21423419,-0.639822349
Guardians of the Galaxy,-0.971169021,1.100408054,0.331321501
Blade Runner 2049,-0.423032313,-0.7347495,0.684747414
Her,-0.313182654,-0.650239986,-0.140170049
Bohemian Rhapsody,-0.333991114,-0.06201298,-0.746324082
The Revenant,-0.592106992,-0.229543706,0.378390272
The Perks of Being a Wallflower,-0.230542458,0.068057343,-0.72888471
Elite Squad 2: The Enemy Within,1.192101303,0.226126263,0.756536993
The King's Speech,-0.409007674,-0.844058195,-0.25763673
The Help,-0.257805835,0.082236033,-0.492974
Deadpool,-0.897812024,0.384309462,0.874264892
Darbareye Elly,0.965475529,-0.076477053,-0.261920672
Dev.D,1.777131348,0.554160482,-0.158157302
Ip Man,0.732171913,-0.2734622,0.787333698
My Name Is Khan,0.131042991,0.276432313,-0.394026896
The Breath,0.989383263,0.288591296,0.640817148
Slumdog Millionaire,0.014681022,-0.664498106,-0.620290984
Black Swan,-0.239537192,-0.888264754,-0.117705471
The Avengers,-0.815721166,1.063280353,0.535995997
Persepolis,-0.277021402,-0.04721573,-1.144441206
Dallas Buyers Club,-0.205487377,-0.658885192,-0.009154703
The Pursuit of Happyness,-0.291862749,-0.009340506,-0.592146378
Blood Diamond,-0.535043755,-0.506654249,0.30139381
The Bourne Ultimatum,-0.593265668,0.053240827,0.218429343
3-Iron,0.983671856,-0.611903094,0.544483346
Sin City,-0.449001705,-0.598832859,0.931856712
The Diving Bell and the Butterfly,0.177454968,-0.071865289,-0.91594786
G.O.R.A.,0.02032971,1.057984674,0.298104424
Ratatouille,-0.859528026,1.006281215,-0.185316685
Casino Royale,-0.953434615,0.559820665,0.053844564
Kill Bill: Vol. 2,-0.624484742,-0.574437418,1.53750989
The Return,1.200046381,0.292666874,-0.083700203
"Spring, Summer, Fall, Winter... and Spring",0.844129788,-0.536733291,0.094643835
The Sea Inside,0.822408392,-0.065054681,-0.443484983
Cinderella Man,-0.281104649,-0.033003005,-0.724022905
Kal ho naa ho,1.136076423,0.564519014,-0.270402061
Infernal Affairs,0.288289613,-0.656358271,0.984321634
Pirates of the Caribbean: The Curse of the Black Pearl,-0.907359923,1.027273442,0.45271142
Big Fish,-0.519266733,0.504524782,-0.302912557
The Incredibles,-0.946307705,1.13560545,0.344894255
My Sassy Girl,0.98842917,0.392851687,-0.460510148
Dogville,0.544565151,-1.088690695,0.210921116
Vizontele,1.017039271,0.41109838,-0.113877044
Donnie Darko,-0.337761519,-0.709840025,0.162832049
Magnolia,-0.236158052,-0.765206684,-0.389455456
Dancer in the Dark,0.019469438,-1.238483929,-0.055402572
The Straight Story,-0.2367881,-0.243766571,-0.707726028
Perfect Blue,0.844539897,0.075370187,1.339043144
The Celebration,0.370013101,-0.655324553,-0.003327546
Central Station,0.853569935,-0.601662884,0.014998096
The Iron Giant,-0.916834067,1.209001302,0.620681385
Knockin' on Heaven's Door,0.625979541,0.639857739,0.726244743
Sling Blade,-0.256517709,-0.661060302,0.006951272
Secrets & Lies,0.226482714,-0.591850108,-0.24633768
12 Monkeys,-0.558430972,-0.475195006,0.414019711
Ghost in the Shell,0.541243165,0.758311788,1.235969735
The Nightmare Before Christmas,-0.632590474,0.888913983,-0.001042652
Groundhog Day,-0.544812361,0.63584459,-0.723509447
"Blood In, Blood Out",-0.171553127,-0.959889397,0.511287426
Scent of a Woman,-0.204663051,-0.637441911,0.024830523
Aladdin,-0.828094114,1.085508777,0.089387591
JFK,-0.171314254,-0.994336399,0.094910956
Beauty and the Beast,-0.608731712,0.67058763,-0.264454869
Dances with Wolves,-0.626692481,0.369582583,-0.449594385
Do the Right Thing,-0.341448231,-0.69645609,-0.032565215
Rain Man,-0.205935883,-0.706992864,-0.033940456
Akira,0.58215888,0.549415868,1.401722673
The Princess Bride,-0.812168529,1.059706255,0.09178951
Wings of Desire,0.445843518,-0.019589523,-1.021733157
Au Revoir les Enfants,0.476835381,-0.075379934,-0.998423327
Castle in the Sky,0.593034016,1.075811583,0.251435225
The Terminator,-0.866931243,-0.271736396,0.898406992
Gandhi,0.378957611,0.156023221,-0.557046825
Kagemusha,0.322653077,0.400879874,-0.233586161
Being There,-0.288931346,0.229757466,-0.610934229
Annie Hall,-0.564212601,0.633291049,-0.539436512
All the President's Men,-0.327535455,-0.066102655,-0.504444981
Jaws,-0.782560127,0.782057895,0.291522411
Dog Day Afternoon,-0.226794293,-0.96154293,0.220623454
Young Frankenstein,-0.574316034,0.657790425,-0.301239531
Papillon,-0.111967718,-1.147262451,0.216614202
The Exorcist,-0.541165822,-0.428279141,-0.079703508
Sleuth,-0.379931517,0.318516196,0.12214347
The Last Picture Show,-0.237297124,-0.672727948,-0.256291328
Fiddler on the Roof,-0.177659763,0.116417983,-0.449046466
The Conformist,0.882060957,-0.774508055,-0.318287654
Butch Cassidy and the Sundance Kid,-0.235495412,-0.237971019,-0.049392079
Rosemary's Baby,-0.2121897,-0.068732865,-0.384550923
Planet of the Apes,-0.769975055,0.787682581,0.194770473
The Graduate,-0.291857203,0.30739139,-0.767298139
Who's Afraid of Virginia Woolf?,0.167252279,-0.032607376,-0.251749476
The Sound of Music,-0.194974697,0.002197196,-0.647995207
Doctor Zhivago,-0.256112816,-0.106317727,-1.293969953
A Fistful of Dollars,0.727200655,-0.514899329,0.715865887
8½,0.920154293,-0.126170412,-0.916559095
Vivre Sa Vie,1.467692477,0.236175387,-0.459793223
The Hustler,0.186026221,0.09766823,-0.379487902
La Dolce Vita,0.853483581,0.029328943,-1.045724738
Rio Bravo,-0.362196038,-0.005966715,0.133457012
Anatomy of a Murder,0.25688174,-0.206167439,0.066245819
Touch of Evil,-0.330210666,-0.262191368,-0.106437109
Cat on a Hot Tin Roof,0.192003401,0.107922041,-0.361764664
Sweet Smell of Success,-0.22209798,-0.060058606,-0.418308326
The Killing,-0.141437256,-0.27313734,-0.05015726
The Night of the Hunter,0.213995917,-0.125644954,-0.026194679
La Strada,1.458110538,0.300284128,-0.150132192
Diabolique,1.101915973,-0.109379203,-0.262030512
Stalag 17,0.154388315,0.205114066,-0.704190875
Roman Holiday,-0.045744282,0.535281685,-0.546680782
A Streetcar Named Desire,-0.347624943,0.040850293,-0.320091179
In a Lonely Place,0.406957615,0.122509214,-0.246582167
Kind Hearts and Coronets,0.590281712,0.544182737,0.293655616
Rope,-0.074191624,-0.33111237,0.044288582
Out of the Past,0.441851046,-0.026452293,0.040970999
Brief Encounter,0.676543624,0.062539051,-0.882870557
Laura,0.026416631,-0.010405083,-0.305545609
The Best Years of Our Lives,-0.144401972,-0.079153067,-0.713212438
Arsenic and Old Lace,0.14093548,0.370979888,0.339900169
The Maltese Falcon,-0.082705975,0.408242259,0.025505808
The Grapes of Wrath,-0.210867762,-0.064945852,-0.524170931
The Wizard of Oz,-0.850683005,1.059376214,0.038916918
The Rules of the Game,0.989089751,0.239535009,-0.887390182
The Thin Man,-0.412108693,0.206618268,0.275471523
All Quiet on the Western Front,-0.181616798,-0.180663582,-0.943244492
Battleship Potemkin,1.186047867,0.194522793,-0.069758387
Knives Out,-0.203227475,-0.018276887,-0.114746598
Dil Bechara,1.697013512,0.70966985,-0.272923391
Marriage Story,-0.460451124,-0.70256951,-0.301731014
Call Me by Your Name,-0.070131593,-1.021334704,-0.877302865
"I, Daniel Blake",0.317246683,-0.745964756,-0.128733409
Isle of Dogs,-0.859509286,1.200799668,0.009211197
Dunkirk,-0.444270186,-0.119907057,-0.792789133
Hunt for the Wilderpeople,-0.048297001,0.673427525,-0.37490184
Captain Fantastic,-0.306301056,-0.498201566,-0.093948776
Sing Street,0.112731147,0.133860983,-0.98768116
Thor: Ragnarok,-0.977528494,1.097389298,0.334160803
Nightcrawler,-0.194608693,-0.986195786,0.581624346
Jojo Rabbit,-0.310390363,0.198903807,-0.811225612
Arrival,-0.43054015,0.077363937,-0.427223961
Star Wars: Episode VII - The Force Awakens,-1.000804661,0.965390107,0.510986638
Before Midnight,-0.252919113,-0.765146917,-0.510603253
X-Men: Days of Future Past,-1.115872402,0.828469542,0.150550418
Once Upon a Time in Anatolia,1.289532211,0.080487326,0.306294652
The Artist,-0.247439247,0.027917817,-1.332211048
Edge of Tomorrow,-0.998451118,0.961781173,0.522781353
Amour,0.385629742,-0.094324251,-1.099655254
The Irishman,-0.267454124,-1.24787615,0.169005303
A Prophet,0.901968391,-0.901871796,0.158033961
Moon,-0.434705868,-0.860222389,0.209500801
Let the Right One In,0.760077916,-0.7404956,0.756308254
District 9,-0.765068515,-0.218291133,1.108094522
The Wrestler,-0.170299897,-0.770800065,-0.133277574
Jab We Met,1.698945554,0.711077156,-0.286082774
Boyhood,-0.360342133,-0.798932005,0.129283062
"4 Months, 3 Weeks and 2 Days",1.160583876,0.276477037,-0.105520217
Star Trek,-0.97790722,0.918213758,0.492234969
In Bruges,-0.340900752,-0.774431332,0.189115741
The Man from Earth,0.273495017,0.282357545,-0.19140274
Letters from Iwo Jima,-0.47961308,-0.010562822,0.765731432
The Fall,-0.310202803,-0.174515017,0.209036633
Life of Pi,-0.449034301,0.614084492,-0.430316929
Fantastic Mr. Fox,-0.991285939,1.100611967,-0.299901904
C.R.A.Z.Y.,0.639103185,0.099860862,-0.631293145
The Chorus,0.867179227,0.064467269,-0.734708038
Iron Man,-0.892675997,1.04736357,0.565431546
Shaun of the Dead,-0.601986712,-0.287149666,0.035150047
Head-On,0.419680165,-0.666026392,-0.247153105
Mystic River,-0.207443411,-0.970366427,0.463047115
Harry Potter and the Prisoner of Azkaban,-0.939508329,0.980443806,0.019661795
Hero,0.073022478,1.13490614,0.646092263
Talk to Her,0.754520846,-0.668752049,0.241726684
No Man's Land,0.311638961,-0.704172895,-0.686485824
Cowboy Bebop: The Movie,-0.33600795,0.613868511,1.060888293
The Bourne Identity,-0.482820098,0.100888875,-0.086962569
Nine Queens,0.758048319,-0.893969008,0.944176314
Children of Men,-0.666558024,-0.491627931,0.150518272
Almost Famous,-0.590925337,-0.221442857,-0.245455005
Mulholland Drive,-0.20814947,-1.121372608,-0.032899623
Toy Story 2,-0.919820383,0.964672104,0.213424422
Boogie Nights,-0.278421539,-0.6693874,0.005855053
Whisper of the Heart,0.860496256,0.673610404,0.102863333
Once Were Warriors,0.316240162,-0.890742142,0.589268794
True Romance,-0.001109387,-1.044169543,-0.04504601
Three Colors: Blue,0.856731385,-0.737996395,-0.157571417
Ninja Scroll,0.466598675,1.391077422,0.814566303
Carlito's Way,-0.20935575,-1.077816325,0.683169186
Edward Scissorhands,-0.292035154,0.135785601,-0.757592044
My Left Foot,0.139871251,-0.734366547,-0.136576273
Crimes and Misdemeanors,-0.365808404,0.227445233,-0.668439671
The Untouchables,-0.199760242,-0.980539702,0.551968749
Hannah and Her Sisters,-0.392515091,0.222488388,-0.668563325
Brazil,-0.449042062,-0.687913583,-0.019200439
This Is Spinal Tap,-0.604355946,-0.138471985,0.159542385
A Christmas Story,-0.64368145,0.777177952,-0.189505574
The Blues Brothers,-0.878840325,0.398188052,0.828179901
Manhattan,-0.29314789,-0.507641126,-0.366327025
All That Jazz,-0.260083735,-0.755398154,0.043811811
Dawn of the Dead,-0.743006009,0.679708305,0.671515136
The Holy Mountain,0.004770939,-0.252439577,0.382550415
Amarcord,1.028459907,-0.421504034,-0.065986449
The Discreet Charm of the Bourgeoisie,0.484720225,0.566810157,-0.277500049
"Aguirre, the Wrath of God",0.732545,1.018322869,0.798271286
Harold and Maude,-0.251160316,0.325217142,-0.755631975
Patton,-0.194706322,-0.343606114,-1.05384633
The Wild Bunch,-0.947065871,0.052428671,0.908196137
Night of the Living Dead,-0.092255359,0.374022972,0.181854135
The Lion in Winter,-0.199323114,0.064711532,-0.655012116
In the Heat of the Night,-0.086919792,-0.344988978,0.054035611
Charade,-0.471483202,0.142848202,-0.694305049
The Manchurian Candidate,-0.38175401,-0.14392234,-0.264158566
Spartacus,-0.578709215,0.336925046,-0.539808814
L'Avventura,1.138251998,-0.0187667,-0.379112898
Hiroshima Mon Amour,1.206378455,0.271369311,-0.701758512
The Ten Commandments,-0.256826177,0.443842038,-0.179517618
The Searchers,-0.519424373,0.204102748,-0.153122011
East of Eden,-0.254240793,0.169430821,-0.420774423
High Noon,-0.348069243,-0.05256969,-0.128420559
Strangers on a Train,-0.49510536,0.153987818,0.163788176
Harvey,-0.135382968,0.124201409,-0.367302802
Miracle on 34th Street,0.087452976,0.363164035,-0.532476122
Notorious,0.17504314,0.020224289,-0.920198417
The Big Sleep,-0.186685412,0.140418188,0.401846237
The Lost Weekend,-0.010689429,0.060350899,-0.382661985
The Philadelphia Story,-0.134754916,0.565026824,-0.684068648
His Girl Friday,-0.030011234,0.147244658,-1.015762257
Bringing Up Baby,-0.525295021,0.593564649,-0.477868803
The Adventures of Robin Hood,-0.868875521,1.013430761,0.254481015
A Night at the Opera,-0.278696711,0.537493905,-0.278312945
King Kong,-0.788700693,0.73657187,0.132920309
Freaks,0.191398859,0.011416255,-0.786262145
Nosferatu,1.110774628,0.783030655,0.143770057
The Gentlemen,-0.715229437,-0.363045287,1.087334601
Raazi,1.615682989,0.596807808,0.701794793
The Salesman,0.343815485,0.038136029,-0.576914101
Perfect Strangers,1.032875442,0.287812358,-0.218251927
Hidden Figures,-0.2830212,0.032272886,-0.584937316
Paddington 2,-0.922536402,0.946985821,-0.230765223
Udta Punjab,1.324544423,0.32312756,0.886777817
Kubo and the Two Strings,-0.870196493,1.280588953,0.700046384
M.S. Dhoni: The Untold Story,1.696438395,0.469290234,-0.072636335
Manchester by the Sea,-0.313808769,-0.688223487,0.011754824
Land of Mine,0.372406837,-0.729302621,-0.151906235
Rogue One: A Star Wars Story,-0.967841573,0.978611188,0.513501076
Captain America: Civil War,-0.831521213,1.012403371,0.402242403
The Hateful Eight,-0.219391568,-1.132623952,0.303583624
Little Women,-0.267391334,0.051334822,-0.900901714
Loving Vincent,-0.633974885,0.257055416,0.038720979
Pride,-0.358903143,-0.756499421,-0.456168539
The Past,0.8641926,-0.027607748,-0.712246341
The Great Beauty,1.373714008,0.047784309,-0.125002117
The Lunchbox,0.627655417,0.262035754,-0.509481321
Vicky Donor,1.423388905,1.087045795,0.062288652
Big Hero 6,-0.924427079,1.204695866,0.639100552
About Time,0.15608068,-0.38091208,-0.066192049
English Vinglish,1.630941302,0.820268638,-0.074758964
The Wind Rises,-0.131906598,0.054308673,-1.026560932
Toy Story 4,-0.84117984,1.071292787,0.103499195
The Best Offer,0.508554283,-0.885572698,0.521680843
Moonrise Kingdom,-0.355866047,0.204377484,-0.8742119
How to Train Your Dragon 2,-0.925879901,1.203142553,0.635427688
The Big Short,-0.366295346,-0.594504758,-0.22969947
Confessions,1.502749973,0.448981147,0.347736727
I Saw the Devil,1.214285634,0.20202712,0.810720232
The Girl with the Dragon Tattoo,-0.125348595,-1.005442556,0.458930465
Captain Phillips,-0.793474541,0.47904224,0.223767385
The Man from Nowhere,0.488632416,-0.603302347,1.030916909
Straight Outta Compton,-0.271707557,-0.776144887,-0.189083868
Mother,0.858167114,-0.780767269,0.772140193
The Chaser,0.965373032,0.488028668,1.345592887
The Hobbit: The Desolation of Smaug,-0.837661445,0.87921777,0.010594454
The White Ribbon,0.93537639,-0.940972031,-0.13355283
The Girl with the Dragon Tattoo,0.464368604,-0.980780109,0.54760421
The Trial of the Chicago 7,-0.171040532,-0.774594503,0.085203649
The Fighter,-0.295166712,-0.752229602,-0.12681998
Taken,-0.660723047,0.277658634,-0.020593142
The Boy in the Striped Pajamas,-0.346994723,-0.013557969,-0.737996221
Once,0.323808371,-0.623462736,-0.19458501
The Hobbit: An Unexpected Journey,-0.825265304,0.885764665,0.018343986
The Edge of Heaven,0.858967757,0.050395287,-0.406665926
Atonement,-0.237213435,-0.989513324,-0.654159461
Drive,-0.274300731,-1.000158858,0.50544761
American Gangster,-0.380813574,-1.145061586,0.289984816
Avatar,-1.032400742,0.886144596,0.555026572
Mr. Nobody,-0.226534383,-0.837724525,-0.458059865
Apocalypto,-0.26072281,-0.118954562,0.722902637
Little Miss Sunshine,-0.351168923,-0.507891569,-0.104305904
Hot Fuzz,-0.132929835,-0.139731728,0.632900445
The Curious Case of Benjamin Button,-0.301436525,0.051491993,-1.051387813
Veer-Zaara,1.53979929,0.595636197,-0.028861718
Adam's Apples,0.821170099,-0.562970188,0.533575249
Pride & Prejudice,-0.261435302,-0.040410196,-0.838966288
The World's Fastest Indian,-0.249747632,0.080006862,-0.588736328
Tokyo Godfathers,-0.254415262,1.303358594,0.300491163
Serenity,-0.989945123,0.986318573,0.513838512
Walk the Line,-0.29453652,-0.089628023,-0.733574432
Evil,1.271871183,0.273842878,-0.048239436
The Notebook,-0.232934157,0.072796657,-0.733228546
The Motorcycle Diaries,-0.117259753,-0.614535174,0.111247392
Lilya 4-Ever,0.409356676,-0.86563644,0.439842781
The Triplets of Belleville,-0.480890061,0.146888204,-1.125573614
Joint Security Area,0.759726569,0.176714022,0.348338449
The Count of Monte Cristo,-0.713677566,0.495978006,-0.016748509
Waking Life,-0.358310035,-0.408269493,0.068651176
Remember the Titans,-0.229217382,0.09101549,-0.512686094
"Crouching Tiger, Hidden Dragon",-0.565059316,1.134969545,0.622939184
All About My Mother,0.763560617,-0.692006186,0.255733839
Cast Away,-0.515917702,0.393605534,-0.619159749
The Boondock Saints,-0.569253435,-0.605349612,1.45536133
The Insider,-0.244640143,-0.774210184,0.142750351
October Sky,-0.311352825,0.165936083,-0.543499601
Shrek,-0.923342329,1.216513498,0.063883867
Titanic,-0.263595889,-0.102835208,-1.068528091
Fireworks,1.25044425,0.169420299,0.281716575
Gattaca,-0.361675929,0.013051839,-0.265844681
The Game,-0.313405686,-0.638203656,0.448135512
Breaking the Waves,0.355584034,-0.814266677,-0.104237872
Ed Wood,-0.339250055,-0.576515451,-0.244393714
What's Eating Gilbert Grape,-0.312437016,0.069949744,-0.529078437
Tombstone,-0.376668298,-0.721104304,0.424514513
The Sandlot,-0.31650989,0.426886373,-0.528600396
The Remains of the Day,-0.345044267,-0.038431147,-1.12463001
Naked,0.571518846,0.277557865,-0.446547774
The Fugitive,-0.421828404,-0.148415274,0.3729927
A Bronx Tale,-0.154449416,-0.96468612,0.071722432
Batman: Mask of the Phantasm,-0.450392271,0.712694089,0.870892354
Hard Boiled,0.177352077,-0.305430824,1.552020574
Night on Earth,-0.204214775,-0.79565629,-0.734577082
The Double Life of Véronique,0.815074863,-0.666261701,-0.294021793
Boyz n the Hood,-0.210542606,-0.882670474,0.362478338
Misery,-0.266668522,-0.758103514,0.19011979
Awakenings,-0.332331639,-0.011781608,-0.66536016
Kiki's Delivery Service,-0.381681539,0.709141029,0.012440483
Glory,-0.291277975,-0.773118623,-0.217648887
The Killer,0.736866968,-0.44962692,1.229793857
Back to the Future Part II,-0.882483178,1.095444762,0.07308004
Mississippi Burning,-0.177497858,-0.901257217,0.28238451
Predator,-0.928098215,0.148513569,1.14824232
Evil Dead II,-0.715595508,0.066086676,0.642515022
Ferris Bueller's Day Off,-0.604441874,0.582030352,-0.421301935
Down by Law,-0.233280094,-0.854322918,-0.110437761
The Goonies,-0.868774128,0.968682596,0.066298886
The Color Purple,-0.319264826,0.065220291,-0.543063277
The Breakfast Club,-0.321483151,-0.487570292,-0.11464153
The Killing Fields,0.177768455,-0.81517706,-0.518783153
Ghostbusters,-0.727962148,0.910800649,0.269172363
The Right Stuff,-0.566791704,0.390118123,-0.414258122
The King of Comedy,-0.272743172,0.092720283,-0.163061832
E.T. the Extra-Terrestrial,-0.687102397,0.645549988,-0.022039404
Kramer vs. Kramer,-0.285898871,0.1517282,-0.406455173
Days of Heaven,-0.256218274,0.060478582,-0.70999136
The Outlaw Josey Wales,-0.585653323,0.43276254,0.060222556
The Man Who Would Be King,-0.912440747,0.768295337,-0.150119191
The Conversation,-0.271258936,-0.03065218,-0.155304239
The Day of the Jackal,0.358086689,-0.375630199,-0.329926514
Badlands,-0.404485643,-0.051027382,0.491822189
Cabaret,-0.254674947,0.037112401,-0.905810599
Willy Wonka & the Chocolate Factory,-0.572420747,0.353477128,-0.614174942
Midnight Cowboy,-0.259589734,-0.721002386,-0.075856926
Wait Until Dark,-0.087157885,0.379503863,0.174985979
Guess Who's Coming to Dinner,0.149294618,0.27756994,-0.469437971
Bonnie and Clyde,-0.61725457,-0.445212146,0.987680903
My Fair Lady,-0.271926375,0.100035777,-0.446173465
Mary Poppins,-0.624990393,0.710450255,-0.197698633
The Longest Day,-0.299317088,0.018194702,-0.445398789
Jules and Jim,0.837762206,-0.046932491,-1.058046731
The Innocents,0.354208959,0.502331832,-0.001788859
Breathless,1.069439545,-0.115775825,-0.270758738
Red River,-0.403053091,0.435026806,0.340341641
Key Largo,0.340629511,0.040063233,0.426126608
To Have and Have Not,-0.589420705,0.887674646,-0.291390618
Shadow of a Doubt,-0.5836952,0.430002218,0.07123973
Stagecoach,-0.535508955,0.143980423,-0.457099326
The Lady Vanishes,0.618400311,0.25541015,-0.16285302
The Bride of Frankenstein,0.059991455,0.129906756,-0.324323339
Duck Soup,-0.157317766,0.645430352,-0.257158478
Scarface,-0.344203652,0.076901542,0.342854933
Frankenstein,-0.311592291,-0.036965913,-0.399988845
Roma,0.274385074,-0.746899393,-0.072576052
Deadpool 2,-1.008300997,0.224439227,0.996178735
Wind River,-0.315420971,-1.043622809,0.389115152
Get Out,-0.481824147,-0.395364467,0.708286284
Mission: Impossible - Fallout,-0.955999616,0.583501583,0.106569401
A Man Called Ove,0.717408426,0.393974082,-0.621096663
What We Do in the Shadows,-0.089034194,-0.220796622,0.326476622
When Marnie Was There,0.781141458,0.805846767,0.082644055
The Theory of Everything,-0.341121312,-0.072107945,-1.170675218
Kingsman: The Secret Service,-1.022522911,0.306287893,0.776430034
The Fault in Our Stars,-0.274890045,0.050761806,-0.74302524
Me and Earl and the Dying Girl,-0.382586122,0.220965882,-0.638023542
Birdman or (The Unexpected Virtue of Ignorance),-0.384358791,-0.523708364,-0.103574927
Blue Is the Warmest Colour,0.511501967,-0.201010407,-0.910646289
Kai Po Che,1.602813892,0.511185548,0.022674356
The Broken Circle Breakdown,0.834349544,0.14547934,-0.551406367
Captain America: The Winter Soldier,-1.006159071,0.905778346,0.221453703
Rockstar,1.720459635,0.550103116,-0.003974967
Nebraska,-0.64998241,-0.275840681,0.161361891
Wreck-It Ralph,-0.897474014,1.222195247,0.074228932
The Little Prince,-0.440265055,0.531254704,-0.327877838
Detachment,0.226822569,0.111232289,-0.303104218
Midnight in Paris,-0.585839618,0.322166819,-0.939922066
The Lego Movie,-0.94383455,1.177213589,0.647514986
Gravity,-0.564322875,-0.102950523,-0.327895795
Star Trek Into Darkness,-1.001227013,0.970034828,0.501234143
Beasts of No Nation,0.180645123,0.070382753,-0.390425698
The Social Network,-0.412102989,-0.107596871,-0.942528398
X-Men: First Class,-1.130168164,0.689075229,0.109698363
The Hangover,-0.60332826,-0.176851433,0.24587063
Skyfall,-0.936713392,0.858461794,0.627333702
Silver Linings Playbook,-0.333009696,-0.530117105,-0.334099182
Argo,-0.440987844,-0.974076111,-0.136324761
500 Days of Summer,-0.347002697,0.137920883,-1.160681142
Harry Potter and the Deathly Hallows: Part 1,-0.962957691,0.906349745,-0.111452037
Ponyo,0.270035217,1.448328725,0.509350848
Frost/Nixon,-0.314433234,-0.950350747,-0.426251706
Paprika,0.335118747,-0.150564026,0.330567944
Changeling,-0.214084387,-0.963317517,0.254161373
Flipped,-0.238889438,0.320970452,-0.717274846
The Girl Who Leapt Through Time,0.508983744,1.474437982,0.598028639
Death Note,1.516241875,0.393650325,0.513115424
This Is England,0.673160208,-0.114715662,0.045290881
Ex Machina,0.097149771,-0.709019656,0.293699279
After the Wedding,0.408127358,-0.611586569,0.060629375
The Last King of Scotland,0.195452859,-0.902781982,-0.605998989
Zodiac,-0.212035768,-0.975065818,0.451487434
Lucky Number Slevin,-0.381547602,-0.854162312,0.75182102
Joyeux Noel,-0.187466802,-0.273768477,-1.285656728
Control,-0.247755085,-0.849305543,-0.312081496
Tangled,-0.888617529,1.179352607,-0.048827018
Black Book,0.264176369,-0.857561141,-0.035663914
Brokeback Mountain,-0.347850664,-0.818375698,-0.10042446
3:10 to Yuma,-0.325542584,-0.753413271,0.818574418
Crash,-0.221691737,-1.14911402,0.740095094
Kung Fu Hustle,-0.325737876,0.214828584,0.924487673
The Bourne Supremacy,-0.614441,0.238285507,0.319170592
The Machinist,-0.291088972,-1.042658915,0.125758775
Ray,-0.326746448,-0.035237289,-0.710109712
Lost in Translation,-0.242760138,-0.456461219,-0.364250216
Harry Potter and the Goblet of Fire,-1.007217214,0.828149635,-0.412392577
Man on Fire,-0.404727834,-0.913297141,0.882532883
Coraline,-0.381458445,0.405397212,-0.372941205
The Last Samurai,-0.217366276,-0.333720363,0.631438024
The Magdalene Sisters,0.163544648,-0.689968805,-0.014809384
Good Bye Lenin!,0.306924687,-0.524671218,-0.398549946
In America,-0.480199301,-0.114777135,-0.50956468
I Am Sam,-0.220154215,0.107251107,-0.495075149
Adaptation.,-0.366378445,-0.551694767,-0.141266576
Black Hawk Down,-0.393509227,-0.774298768,-0.218641006
Road to Perdition,-0.213185449,-0.987573778,0.561007698
The Experiment,0.353222739,-0.753294042,0.17399591
Billy Elliot,0.288770075,-0.753179327,-0.169308316
Hedwig and the Angry Inch,-0.341207603,-0.570812011,-0.300450313
Ocean's Eleven,-0.51925274,0.041279919,0.356978199
Vampire Hunter D: Bloodlust,-0.056630837,0.304740123,1.032427341
"O Brother, Where Art Thou?",-0.827343255,0.572315065,0.000713495
Interstate 60: Episodes of the Road,-0.43101031,-0.094304039,0.105758137
"South Park: Bigger, Longer & Uncut",-0.68232722,0.138884143,0.29748506
Office Space,-0.599071524,-0.116779929,0.237308804
Happiness,-0.270792929,0.077981861,-0.488330944
Training Day,-0.236113232,-1.132614041,0.687927791
Rushmore,-0.38283151,-0.733826955,-0.549358523
Open Your Eyes,0.955408896,-0.687910469,0.402191888
Being John Malkovich,-0.414601412,-0.448210641,-0.124859682
As Good as It Gets,-0.33510284,0.216673064,-0.881544889
The Fifth Element,-0.962293625,0.774505506,0.157570103
Le Dîner de Cons,0.432781102,0.651616616,-0.469965755
Donnie Brasco,-0.156496774,-0.952712613,0.269753946
Shine,0.193061769,0.040165967,-0.621609317
Primal Fear,-0.182835032,-1.045872219,0.576503027
Hamlet,-0.247422945,0.068640208,-0.564735051
A Little Princess,-0.303795451,0.101504568,-0.684231053
Fallen Angels,0.811400655,0.211442383,0.181042001
Il Postino,0.744599169,0.10217154,-0.554353488
Clerks,-0.603983509,-0.117591053,0.230661972
Short Cuts,-0.350375206,-0.512592033,-0.128605762
Philadelphia,-0.314321729,0.07090631,-0.528540764
The Muppet Christmas Carol,-0.393872497,0.210947254,-0.591598728
Malcolm X,-0.269793391,0.032498519,-0.681647512
The Last of the Mohicans,-0.629544169,-0.234064642,0.307981327
Porco Rosso,0.210713498,1.598229858,0.464316443
Glengarry Glen Ross,-0.216455406,-0.969217336,0.428152931
A Few Good Men,-0.257019834,-0.815423494,-0.088313549
Fried Green Tomatoes,-0.30430918,0.074031027,-0.532040867
Barton Fink,-0.427977891,-0.657573955,-0.015122396
Miller's Crossing,-0.176970764,-1.046881593,0.488899891
Who Framed Roger Rabbit,-0.924048216,1.217714384,0.0400997
The Vanishing,0.786266644,0.284283508,-0.019427594
Withnail & I,0.097648432,-0.516827522,-0.142277252
The Last Emperor,0.335977797,-0.066269878,-0.821401464
Empire of the Sun,-0.291080635,0.368391028,0.071948927
The Name of the Rose,0.610322706,-1.148928036,0.148015287
Blue Velvet,-0.261531926,-0.84018851,0.255239175
The Purple Rose of Cairo,-0.603258946,0.751836059,-0.414674634
After Hours,-0.320819997,-0.73798567,0.218853844
Zelig,-0.435794281,0.722867044,-0.24973081
The Verdict,-0.290114027,-0.664062971,-0.013887682
Star Trek II: The Wrath of Khan,-0.948259198,1.064553909,0.607665366
First Blood,-0.859311078,0.227565711,0.943809325
Ordinary People,-0.311892021,-0.672213233,-0.021923467
Airplane!,-0.633175096,0.687149305,-0.184038027
Lupin the 3rd: Castle of Cagliostro,-0.192550504,1.286739833,-0.032376641
Halloween,-0.579692954,-0.393436105,0.520334431
The Tenant,-0.181989967,-0.922698624,-0.250340935
Love and Death,-0.638467089,0.669464219,-0.268726195
The Taking of Pelham One Two Three,-0.610221131,-0.559704188,1.437452959
Blazing Saddles,-0.608859875,-0.163627112,0.085103405
Serpico,-0.24112673,-1.188161532,0.213187377
Enter the Dragon,-0.347585673,-0.758694132,0.83849812
Deliverance,-0.530335817,-0.410143767,0.321773969
The French Connection,-0.37384222,-0.819952332,0.478768878
Dirty Harry,-0.619385401,-0.473440563,1.303331649
Where Eagles Dare,-0.274671479,0.805479007,0.414196623
The Odd Couple,-0.584009636,0.540157607,-0.172607917
The Dirty Dozen,-0.551267393,0.651628136,0.120999916
Belle de Jour,1.021047783,-0.69684973,-0.302821721
A Man for All Seasons,0.174583061,-0.275506827,-0.778335272
Repulsion,0.59880098,0.012009513,-0.164359324
Zulu,0.645898252,0.088455672,-0.500561143
Goldfinger,-0.498679653,0.836416329,0.838589326
The Birds,-0.347644857,-0.022158166,-0.493561387
Cape Fear,-0.210485244,-0.1348537,-0.231981901
Peeping Tom,0.809172333,0.105324349,-0.102653406
The Magnificent Seven,-0.862265879,0.710849306,0.664218103
Eyes Without a Face,1.267076102,0.08976167,-0.586685268
Invasion of the Body Snatchers,-0.324027941,-0.035758118,-0.339824644
Rebel Without a Cause,-0.367763919,0.061250887,-0.580908642
The Ladykillers,0.330626468,0.437164335,0.219765529
Sabrina,-0.230672598,0.057962095,-1.065676162
The Quiet Man,-0.062106487,0.193245422,-0.73534305
The Day the Earth Stood Still,0.018688417,0.148851418,-0.559051425
The African Queen,-0.620460383,0.378353693,-0.73273751
Gilda,-0.036630566,-0.197233201,-0.891922362
Fantasia,-0.647501476,0.731669629,-0.043009132
The Invisible Man,-0.563793139,0.363151064,0.021351505
Dark Waters,-0.323487443,-0.074988299,-0.699916771
Searching,-0.295934949,-0.121538234,-0.251703038
Once Upon a Time... In Hollywood,-0.507831034,-0.798530878,-0.239113164
Loveless,0.805380403,-0.656502625,0.06734161
The Florida Project,-0.381427249,-0.800871333,0.120784266
Just Mercy,-0.277927481,-0.247028732,-0.283909157
Gifted,-0.306344712,0.068561729,-0.508655799
The Peanut Butter Falcon,-0.62458556,0.571745194,-0.480133424
Victoria,0.82733046,-0.265879137,-0.106965819
Mustang,0.786051219,0.109435949,-0.409523355
Guardians of the Galaxy Vol. 2,-0.9958865,1.091046032,0.314400406
Baby Driver,-0.472689579,-0.833501047,0.734331668
Only the Brave,-0.449905784,0.113762082,-0.212374923
Bridge of Spies,-0.135566927,-0.104514596,-0.533642923
Incredibles 2,-0.965796084,1.186765297,0.625872268
Moana,-0.934365673,1.144887635,-0.221397971
Sicario,-0.400817563,-0.887053727,0.979393279
Creed,-0.401561912,-0.065825484,-0.422663439
Leviathan,0.726153035,-0.720165234,0.598452649
Hell or High Water,-0.367986643,-0.770044485,0.806434748
Philomena,-0.436109015,-0.03381795,-0.998029102
Dawn of the Planet of the Apes,-0.824077021,0.460370691,0.006886315
The Body,0.718433714,0.300740296,0.741496933
The Raid: Redemption,-0.135509488,-0.23831392,1.030324405
End of Watch,-0.369399997,-0.857513044,0.93566004
The Secret World of Arrietty,0.303584403,1.38385768,0.605492088
A Star Is Born,-0.27800623,-0.717755762,-0.276554775
True Grit,-0.372418266,0.048072788,-0.52535856
In a Better World,0.377757025,-0.640013033,-0.109998422
Despicable Me,-0.532067966,0.536061208,0.136226933
50/50,-0.318622612,-0.52238521,-0.339471616
Kick-Ass,-0.758394661,-0.260621545,0.970616232
Celda 211,0.077863654,0.524481017,1.135757609
Moneyball,-0.392263195,-0.044353808,-0.676350728
The Skin I Live In,0.682748285,-0.685545117,0.602714539
Zombieland,-0.945163576,0.125022176,0.23350322
The Wave,1.448106257,0.070394404,-0.089840065
Sherlock Holmes,-0.986464248,0.693550856,0.149171353
The Blind Side,-0.311572552,-0.008918807,-0.654797886
The Visitor,-0.376698587,-0.012788212,-0.813257657
Seven Pounds,-0.306528612,-0.016201799,-0.378403951
Eastern Promises,-0.467359053,-0.84755034,0.721641488
Stardust,-0.976955366,0.903442968,-0.123635965
The Secret of Kells,-0.289526068,0.890057276,0.014323659
Inside Man,-0.270809807,-1.085389985,0.565102209
Gone Baby Gone,-0.210680093,-0.970031983,0.447588955
La Vie En Rose,0.22507597,-0.1677788,-1.128517291
Fearless,-0.385984723,0.225886584,-0.076188349
The Illusionist,-0.341600545,0.060093197,-0.458325703
Thank You for Smoking,-0.357054284,-0.506894945,-0.111807747
Dead Man's Shoes,0.741485129,-0.184085608,0.250240932
Harry Potter and the Half-Blood Prince,-1.04875046,1.035448854,0.449414474
300,-0.405356966,-0.532541012,0.494528104
Match Point,-0.259744534,-0.960219144,-0.269511593
Watchmen,-0.342520763,-0.595795043,0.541043496
Lord of War,-0.247068502,-1.128426664,0.366510016
Saw,-0.482778567,-0.342647258,0.457997071
"Synecdoche, New York",-0.270623816,-0.709989698,-0.108911951
Mysterious Skin,-0.205015954,-0.074771974,-0.339931985
Love Me If You Dare,0.845298951,-0.457067126,-0.526414184
A Very Long Engagement,0.295081527,-0.85794367,-0.541257244
The Station Agent,-0.422839161,-0.62357561,-0.006141684
21 Grams,-0.22457999,-0.991497263,0.558346578
Sympathy for Mr. Vengeance,0.856690257,-0.792515821,0.890452389
Finding Neverland,-0.440018058,0.096960481,-0.62477587
25th Hour,-0.286898102,-0.667054484,0.008576094
The Butterfly Effect,-0.30283922,-0.710634721,0.309737475
28 Days Later...,0.038504267,-0.717041659,0.215432565
Battle Royale,0.931432313,0.951331274,0.679546904
The Royal Tenenbaums,-0.349304341,-0.577820977,-0.173712598
Y Tu Mamá También,0.614258881,-0.595127832,0.392011718
Harry Potter and the Sorcerer's Stone,-0.951922623,0.98274746,0.01899868
The Others,-0.518040328,0.038703128,-0.170474295
Blow,-0.20996724,-0.968110066,0.272078412
Enemy at the Gates,-0.218531075,-0.970079213,-0.515603233
Minority Report,-0.629556996,0.261266342,0.687655279
The Hurricane,-0.311073635,-0.755684607,-0.147438171
American Psycho,-0.369569879,-0.859936737,0.420630716
Run Lola Run,0.424541914,-0.91001393,0.607733022
The Thin Red Line,-0.234650403,-0.615774593,0.027498379
Mulan,-0.824172055,1.02610493,0.20394862
Fear and Loathing in Las Vegas,-0.526385334,-0.125000097,0.061254087
Funny Games,1.263611311,-0.197210361,0.006420556
Dark City,-0.037379406,-0.332265808,0.793567371
Sleepers,-0.175459364,-0.97010439,0.566252828
Lost Highway,-0.390247921,-0.549910741,0.486397601
Sense and Sensibility,-0.391659026,-0.006568979,-1.009373828
Die Hard with a Vengeance,-0.855203661,0.074945842,1.023881536
Dead Man,-0.450544064,-0.197408269,0.228915453
The Bridges of Madison County,-0.290146688,0.050447108,-0.770874785
Apollo 13,-0.550725775,0.456042348,-0.326481737
Three Colors: White,0.31513925,-0.637413153,-0.715566994
Falling Down,-0.331342281,-1.023873398,0.738769559
Dazed and Confused,-0.638003821,-0.131109582,0.218380157
My Cousin Vinny,-0.549207915,-0.344623832,0.584743107
Only Yesterday,0.784489611,0.680120782,-0.162821149
Delicatessen,0.536590509,-0.297296497,0.422376658
Home Alone,-0.64850449,0.786702796,-0.190905534
The Godfather: Part III,-0.18189794,-1.027754794,0.169639835
When Harry Met Sally...,-0.330412076,-0.519850313,-0.364777114
The Little Mermaid,-0.652711955,0.659290197,-0.281802801
The Naked Gun: From the Files of Police Squad!,-0.616419638,0.378735612,0.040610098
"Planes, Trains & Automobiles",-0.361173221,-0.50286026,-0.130638245
Lethal Weapon,-0.586831654,-0.462537692,1.33056124
The Fly,-0.516863679,-0.715288059,-0.011837167
Indiana Jones and the Temple of Doom,-0.721800344,1.129505944,0.58646404
Blood Simple,-0.299606413,-1.103806583,0.647964409
On Golden Pond,-0.295029524,0.150138447,-0.40911865
Mad Max 2: The Road Warrior,-0.9959793,0.240584688,1.004993882
The Warriors,-0.576117927,-0.454819761,1.323315336
The Muppet Movie,-0.933017655,0.931933148,-0.110464398
Escape from Alcatraz,-0.636008429,0.358919097,0.600149078
Watership Down,-0.104577806,0.725655922,-0.17108481
Midnight Express,-0.310046771,-1.077412453,-0.143537483
Close Encounters of the Third Kind,-0.411526336,0.026557175,-0.57580622
Robin Hood,-0.819961312,1.101978961,0.071101529
The Long Goodbye,-0.376510061,-0.845319559,0.32323919
Duck You Sucker,0.73269415,0.115699062,-0.20616291
Kelly's Heroes,-0.690955119,0.738874615,-0.447436981
The Jungle Book,-0.805714214,1.031069529,0.15733514
Blow-Up,0.120821712,-0.187303359,-0.242236389
A Hard Day's Night,-0.121071858,0.452639207,-0.648899283
Breakfast at Tiffany's,-0.18071018,0.110571709,-0.952245084
Giant,-0.324433256,-0.115368725,-0.293700736
From Here to Eternity,-0.197753834,-0.06837326,-0.741213509
Lifeboat,0.162653814,-0.015005372,-0.862793356
Snow White and the Seven Dwarfs,-0.639944828,0.66510998,-0.047170915
The 39 Steps,0.401559105,0.100939617,0.582451728
