component1,component2,component3
-0.2594716075788219,-0.6514014280373817,0.0723453338887759
-0.19503273583312974,-0.9874681519741533,0.30864683331167536
-0.46013875367179224,-0.06487251923427173,0.2806998563434222
-0.20453916562459618,-1.0889370729415675,0.42536893986629887
-0.1034801703191622,-0.2662412207623246,-0.009128336156791003
-0.6701115049187351,0.566027040593517,0.11762103051547873
-0.26924785618127317,-1.0584179642820601,0.24180338493452314
-0.2573138740977737,-0.8768116764616634,-0.33995781771897415
-0.9919630714677106,0.9481521224697906,0.2756136961741019
-0.14550874911173015,-0.7267661941185101,0.014296335264408346
-0.6661644246723389,0.5653628810884905,0.11572715734777986
-0.259670761253286,0.06295851748229327,-0.7143588282250781
0.5997125060854706,-0.18433143683897468,0.5173646939163106
1.2972512414995099,0.341415137620065,0.0835921580155382
-0.6536731927748543,0.5731506670262122,0.1167381126090481
-0.669270007456426,-0.08847449843997314,0.9153587144625638
-0.1846780882699247,-1.0255999901390578,0.2056489954366947
-0.8681568552341018,1.1124252773141858,0.5766667833222804
-0.2305871256815217,-0.6422025208410402,0.021246523738784717
-0.27450181161855447,-0.04499253575412118,-0.7156914327798204
0.3097623931563898,-0.5408298378016912,0.2653298823197835
-0.7107026293732551,0.38534207970201856,-0.312012751710879
0.954847096527217,-0.8215400822597282,0.5223286824999529
0.2978546368919131,1.5409253489295476,0.595322140393438
-0.23973828887255866,-0.7848902394379089,-0.4395812125239535
-0.15412953429883725,-0.84597301735071,0.1360625434523305
0.4242930989417184,0.1977209683417901,-0.9736074962538663
-0.12442420111550785,-0.9336786944968836,0.4957548780519914
-0.18355260183763378,-1.0116549141027897,0.5667787553713196
-0.8930564905462575,1.1042174725756477,0.5686339327702757
1.3037887457407547,0.5657909475805147,0.589651687761876
1.0074232526515075,0.9768433547336788,0.6610043058485713
-0.29090815995402564,0.27984523143933,-0.7276628131246723
-0.13955886540759435,-0.973093905819045,0.633905355024164
1.593329128967393,0.4056073011827058,0.8640275938783224
-0.2279781023764116,-0.6725623414518929,-0.009208445496139544
0.400789034218069,-0.62455159487905,-0.5138061732485355
-0.4001417249646966,-0.012280735320092523,-0.4138660705557472
-0.18445156237611504,-0.9935392784365504,0.6622949053730723
-0.21506953497442435,-1.0288982990066688,-0.5286712960115865
-0.6509644909935264,-0.20820412213361272,0.5743411038187652
-0.1944511425041392,-0.6306849450633477,0.05600037633780843
-0.43187485032688094,-0.8826567268500618,0.849643485132179
-0.12519356482379243,-0.9444536542562976,0.370941334246119
-0.49116917266725474,0.5579480044644416,-0.1095600305687201
-0.6119998013172645,-0.29888386651250776,0.8714231326604818
0.9592171771417433,-0.6412342031891114,0.03404514085503799
1.3094483960845227,0.6599704066015766,0.09176361108821995
-0.8931615132282475,1.0861437578728446,0.08007261248952441
-0.44503771332431796,0.36752498010738693,-0.29289532312087674
-0.4920330016984262,-0.4474383779488775,0.605115147528781
-0.18638120060798052,-0.028539852688394957,-1.1912918351955561
-0.278075918082584,0.28594258128256345,-0.5513075408600495
-0.2079185687086166,0.19126765504607843,-0.7741643147329006
0.21043502584494367,-0.7012750325593172,-0.01466253558921366
0.704503432283796,0.0073806452951627145,-0.30681927207948867
0.8423339794569071,0.7998949582105923,0.13192723972128384
1.2240007209394108,0.5132191723102549,0.23807375424911062
-0.931110880480923,1.101567110443591,0.7677739477076337
-0.524314142769602,0.6107523220300901,0.08717066132837309
-0.9174291837873884,0.9918526697474517,0.535876107772025
-0.8449313433249926,1.0628625005719026,0.30706273351984903
-0.2325670532950467,-0.8316417381639252,-0.4043848697139598
-1.0130953056983858,0.8797399381051547,0.39013978647650344
0.6224492975955548,0.5204440446708787,-0.4428758693878985
1.2829935339456338,0.7242780133135528,-0.0012801010935324052
-0.7931696979023216,1.0137417065518626,0.21502059197793882
0.9100174259692745,-0.8221367060309602,0.2848671829407209
0.7510742299326595,-0.39305999490015614,0.8720518756517311
-0.47600769272516513,-0.4461821616194023,0.6543474333844873
0.3094767969508501,1.4585578874713927,0.48570799930143094
0.1139276703346687,-0.9698582523183996,0.026607096838193244
-0.9148603835205885,0.8747696286782692,0.5547396354609012
-0.3027114790371646,-0.6943941768741442,-0.043126171776907134
-0.22490258685073905,-0.8098297099674308,-0.2766940974558993
-0.68910568430546,-0.2987506133850868,0.352140949079118
1.7865620206058357,0.6047383664888358,0.03839814580205868
1.6530670701457288,0.2832527149816554,0.5733287758115618
-0.6937810117380755,0.6277383130524776,-0.28917779162624685
0.1547937126988665,-0.29285347903261283,-0.005236515825975156
-0.13143156167264458,-0.12963922499884198,-0.5950198524635416
-0.5058872917941675,0.3621412874332327,0.1911227951647461
0.04353299689783155,0.07484899238077727,-0.35943333229949037
-0.00034087111676897396,0.22524819046979128,-0.5495683115179396
-0.11918892457419775,-0.8664270196218333,-0.25356810833671795
1.770532762669264,0.626590827812805,0.09966561607905772
1.416827083109034,0.21722938033171094,0.23801341959911557
1.6810296761403598,0.1555671423958913,0.6068610881195954
0.4087373909383505,-0.6156946613994967,0.14272724985073865
0.7898312604132459,0.16476173180633888,-0.3940170770231774
0.4338100862274283,-0.8315270896076452,-0.2741746209744542
1.1005117299383456,0.24598817557220853,0.022582249630312752
1.0870594820595147,0.3546739522846925,-0.004831991116251652
-0.8643431050111042,0.9731419928425238,0.23508081454489446
-0.39921100506021956,-0.5249503392189473,-0.31983602106941356
-0.29358288470716637,-0.6377241797620757,-0.13099677130575793
0.181890010139917,-0.24677733971477722,-0.32249055689624695
-0.5426235871164501,-0.37775011677991244,0.534517518962764
-0.2099165333106261,-0.637414570895758,0.04520414386293471
-0.257048925471205,-0.6565455788831134,0.03836116624121381
-0.17457903710717623,-0.652558844281716,-0.1915901468323936
0.7736882814457922,0.472074656254701,-0.1736146964601762
-0.8313717396708129,1.083873972631105,0.10516211930319706
-0.20830405044867267,-0.9201210435982208,-0.5359904730304974
-0.17233071549899845,-0.969267545220909,0.5824516815772568
-0.31528083323854106,-0.7170305082188233,-0.12723438694394523
1.4707698887876388,0.24215806144827404,-0.036497122679379254
-0.9110648326994871,0.2587338904794239,1.028238776233506
-0.07178704940074379,-1.0571714986375185,-0.5975437368675758
-0.18317945150531711,-0.9646608173147727,0.5106039870926965
-0.8235005393402187,1.1310566019500214,0.5868992716128193
0.5594842679574858,-0.2384865970925607,0.4847409248236915
-0.25302813534296953,-0.987322256632478,0.483850161341198
-0.23104460939659904,0.10421872321374301,-0.1569767004995717
-0.33964787948865793,-0.8875648016065499,0.35999506109684437
-0.8584379907014275,0.7170092879924249,0.10255288985349297
0.20093673354433064,-0.2872738902164691,0.35001142486712455
0.027783135629241243,0.23676217421036655,-0.3404648556373216
-0.18723400340406662,0.10038249722309729,-0.7423819723316761
-0.6515361853871405,0.4415151707260892,0.09413287521370979
-0.46615612289229275,0.34653333541534603,-0.043379142829703066
-0.47585365013698294,0.559312917039643,-0.41962284814756273
1.5573489828477847,0.5836873579460851,0.12739440913229866
1.0762630407346945,0.15212193646156894,-0.4278535384911632
-0.11810042041422468,-0.24270893489412573,-0.07536396622800587
-0.23231367552265808,0.018604956608993223,-0.41312248414109476
0.8963571313685306,0.17750970056934215,0.7381413717799048
1.155010943564221,0.2784887974505607,-0.1945738485127102
-0.037128982421335596,0.3537400487117867,-0.5317508538904244
1.7008677471277436,0.7315628317085097,-0.030704702888837344
1.6761533213434536,0.7029367424018321,0.4594568457232903
1.5080318726326551,0.6179853800036796,0.49732135482169715
-0.3013176777928315,0.049580225479981484,-0.9372228374957191
-0.34704550386332733,-0.7863267156113825,0.19334062586191633
1.8482687491894445,0.27383574162221525,0.523797019746155
1.510215324316102,0.6189056526766038,0.49896734948970756
-0.31610610499500563,1.2688515175912287,0.13075976763443906
1.4207446461282582,0.1518855242035708,0.3610218747108984
1.1114843632581795,0.9925167183620114,-0.24252234669859074
1.2656045781979601,0.3034409162127991,-0.13276276442660626
-0.8405160008158647,1.2319543774337054,0.0858406380162508
1.749143237035783,0.4860850626477977,-0.06074380125808046
1.073639695773719,-0.3666758058712228,1.153386816517406
1.759452189815558,0.5739213217625486,0.08413484768880995
1.4409001741844032,0.7902499831047396,1.1006803222757924
0.8138055536154605,-0.6662903520290683,0.27234919472581276
-0.3926717553559179,0.11294326505221874,0.04603452191609623
-0.4373979197584233,-0.4814575706955058,0.5494032635477778
-0.8843667737589183,1.2253051398800858,0.0894010717636232
-0.2044715265795801,-1.0258270187873204,0.0006909765426872793
1.5832597101672663,0.5990773650242339,-0.01113617352856883
-0.2654214680772755,-0.6722099222114742,0.02817428737608104
0.6733237356830077,-0.5342861348788102,0.3700525173983709
-0.4640349590984225,-0.5726324573608025,0.47247711623909433
1.7595479919827168,0.5100837184715602,0.32033562422093
1.3303877271952456,0.4568074277808676,-0.08348309865617844
-0.9871856322656108,0.9038643979295724,0.40216808901923157
1.3321722707220434,0.451955957249778,-0.08416590166987008
0.40983303836238427,-0.8866373169602896,-0.5887489469127358
0.3229349615322585,1.5518027941794936,0.5967307751372365
-0.29309904670296755,-0.000907036357580594,-0.6250176495139265
1.3986794914727156,1.034797913902614,1.0989440490423907
-0.09939688706591569,-0.1459924465184975,1.077497154072372
-0.17133273778749308,-0.9610371383870903,0.45472753934069476
1.2673967527166348,-0.171137861962506,0.42214860797364406
-0.20400331232945595,-1.0808086104788879,0.6950965911990353
-0.06136249928604107,-0.9751173729827088,0.25153598822574696
0.9173137514816486,1.300877245190182,0.43656526797295836
-0.2530665168885491,-0.6541729641465128,0.01587623227942108
-0.8583556901504581,0.9109576909263469,0.3178868106136281
0.5298747953832464,-0.7507169651807385,0.09557873456788211
0.5784412136964673,1.1318398008373758,0.45269956250869686
-0.4775755586101069,-0.24326609852379494,0.9150438656094699
0.8805284606173185,-0.2566505283527448,0.6492598742167409
-0.263129890871812,-0.7366736765261026,-0.14569723391190245
1.353473834624731,0.42702509733533894,0.02720849773261942
0.5937652912744591,0.10994832310316713,-0.5223979961206064
0.395414802590379,0.16027985101918676,-0.5464355471665308
1.0998392024480164,1.6179654004949031,0.8733822204088962
-0.3941628044714404,1.0547955744400503,-0.30560468732204465
-0.428044516171389,0.05032886489789845,-0.6209263031313887
-0.10551197441114463,-0.27001843968804595,-0.018196619073154542
1.4532980767048063,0.621795774341976,0.7589719436415637
-0.06773143279355734,-0.07391016931368645,-0.5557063044112927
-0.4619651263485494,0.4814930441412128,-0.47671001512105654
1.2917348823384485,0.24845571287468307,-0.35303105999723183
1.2274353112479208,0.3033299202427216,-0.20163006739504252
0.9387979302389312,-0.35927657486441744,-0.19822237291325784
-0.41592908575223214,0.23801443260665142,0.4866716811093285
1.1208439370037013,0.46187756765933663,-0.0375624910483856
1.4030121992319324,0.18783583990618502,0.4895270317028938
-0.19358142981535528,-0.0940032427143739,-0.7096725960147744
-0.4826682900359178,0.20075393922243104,-0.12945922499442228
-0.46089927220990196,0.4742186690337284,-0.38910094230870007
-0.2542482080954231,0.6049185509634376,-0.3469977038925641
-0.3390804717411409,0.7666081669675908,0.04474596346187003
0.8860073727702918,-0.7056730676011512,-0.4288230707672234
1.7585236636592105,0.46977385445074626,0.2747658881095064
1.2940572552922742,0.7644944180881273,0.15805996751741205
1.1073099112878912,-0.18461202333761903,0.5933300996363086
1.379984370026879,0.25306895772509336,0.06045353511622524
0.3260091250556362,-0.6378504160317258,-0.1428487744105791
1.7160794667376935,0.48649934933507155,0.8836279679009417
-0.4578710096482513,-0.5901669109824587,0.6681680456099834
-0.37331716539675014,-0.8492866492016088,0.14036992318071959
0.6826074242454476,-0.6836257961593966,0.28187925347380266
0.9271350202558594,0.030938267194013623,-0.35496475151366297
1.7019889352037476,0.7418741126708487,-0.05153136505160712
1.2356424783313642,0.6861636505535,-0.20153334776316265
-0.7392611462931193,-0.15002732857266254,0.3662792764623224
-0.22042125905282212,-0.8375200635772226,0.30776729015668175
0.8444292578397095,0.8028774042772252,0.12500372555500652
-0.17263107012559595,-0.6782596943237869,-0.06856445952940442
-0.8951490715238717,1.2161532104828527,0.08050616451188287
1.7311345479500706,0.7180941125192531,-0.2730661141546977
-0.3984603634080296,-0.8480492112339708,-0.2690812415381719
-0.44279706281148934,-0.9808313184478742,-0.08678308884640856
-0.3072690230787567,0.08399387297461616,-0.4437120927439895
-0.22755663707106902,-0.9769903162432123,0.2582211025317777
0.14389176120774289,0.6404056161075411,-0.23182536540013665
1.5170205572854207,0.7758680646475794,0.6930174305150547
1.688744432776409,0.7297657036634209,-0.03995026147986298
-0.13515377590318775,-0.9504147083422603,0.48154633893979387
-0.9698972641208722,0.22402320726758496,1.0398292757202519
1.7098884663220666,0.49175132753594525,0.8791624843478079
-0.21542117018399248,-0.7010982766010034,0.036782810396599704
-0.6704851746182208,0.42808895794287494,-0.42362104741062445
0.9019024749579843,0.45207936866563553,-0.13433490468061793
-0.07126254126948384,0.13126703494792472,-0.42791577674768316
0.8504539667290008,0.6131901109503125,-0.2001674539936466
-0.8930099323878761,1.2167914764863839,0.6513638977418872
-0.16452667356970566,-1.0345875710946488,0.49822215049513635
-0.4783218615188722,-0.39278824510854804,0.06713356334759277
-0.2598246653731395,-1.11393949283077,0.7187128171132762
1.2325425507409697,0.6930370392333207,-0.4799971684709933
-0.3033286804736156,0.06459644583205218,-0.5302610722245781
-0.3460450208759215,-0.19932383291754535,-1.1440845318656858
0.7657984282732118,-0.3208458457651053,0.7228843790307812
-0.13060564168247019,-0.8402579188461169,-0.6405575580400888
1.702315503480901,0.7450122371160659,-0.06327458634442305
0.7937789738536978,0.08376392741862275,0.6428080351090714
1.7306782076233056,0.718794958661213,-0.28347019920858824
-0.3968130375853532,-0.3400524556903525,1.256129318354682
-0.8525658632710704,1.077279685534978,0.12338501647650937
-0.27606440289720274,-0.3088340453925867,-0.5431607200865366
0.7130518565219792,-0.6688094044659539,0.6054158049990103
-0.8103750280221523,1.0918518449536865,0.11513108437833261
1.3913009633420557,0.8948719199289361,0.6620075904124278
0.44684852955051363,0.7815524858178913,-0.07139571122326852
-0.28529110636778965,-0.2331854263149911,-0.133054604540764
0.5227617438834965,-0.732450402120388,-0.552307892793987
-0.4283344620234091,0.33864066800511494,-0.4264067160956018
0.6857899685720809,-0.2953120678700866,0.478156046144658
-0.6286572325880214,-0.5489715858244224,0.5072763450385234
0.7224269784062171,0.18116599966346458,-0.4533525903750512
0.20491966735336892,-0.6251715822168024,0.03883780815091975
-0.2950730961245446,-1.0410754532768984,0.4882461051027733
0.3790387037154185,-0.0002656226832509729,-1.1380614816629637
1.546255555342183,0.006248360657420424,-0.06354094459312144
1.7896932471210312,0.5595718317947836,-0.1665402731773651
-0.17475092908701695,-0.7776893291716942,-0.6359039082014559
0.8748180756491751,-0.7294689093192245,-0.3380598392093105
0.5270000024619906,0.2993533055746464,0.035967284765520594
-0.9940645273631805,0.8855718281559776,0.6262025027130869
0.26195085095473175,-0.9389816494215465,0.2469737812333043
0.9788042556706087,0.429555859753461,-0.332638132957346
-0.31174064570615445,0.2813651059934588,-0.525239163985877
-0.4689115898088892,-0.29003556120977153,0.17213250056855706
-0.3623437968523504,-0.7374357660069177,-0.15113746078781215
0.2975182433861774,-0.8389704882341188,-0.0036166888430017863
0.3018555600800921,1.5279063019649008,0.5960578077696261
-0.5026481438420018,-0.29030034361029766,0.5204354821796845
0.2966233831650511,-0.5212919120825484,-0.011335465249385092
0.2822829732881955,0.4617732249687318,-0.14090281059252494
0.45242580063398885,-0.8330813681482166,-0.47017036290590225
-0.6416754689834396,-0.1710003484269684,1.0698915984443031
-0.3644019119434071,-0.040897521690579225,-0.8909205290913411
-0.09721931335978674,-0.10821864011496223,0.2268090497823075
-0.2537471532648712,-0.7568057011555926,-0.3473652140152157
-0.22790469382340028,0.16949802028552,-0.40036039495004255
-0.24343483463035998,-0.6484660331634583,-0.004231036632853186
-0.5831403299987926,0.30693914608749673,-0.8235102949003201
0.946397670609427,0.11452358411735776,-0.09095588846505083
-0.290519015903337,-0.9533622131048253,0.4069908094668139
-0.23328170643944288,0.10692674592371432,-0.1620212880413605
1.0075498944050678,-0.43266785238206823,0.19084800391969037
0.7082770275054472,0.26878494184381146,-0.15763254384567868
1.2682600788008718,-0.2548422833601751,-0.07671521839755523
-0.11147286166834668,-0.278803364033496,-0.0012601956297203553
0.8199976464045517,0.07401105918081599,-0.06667839210737198
0.9746350587832614,-0.5433475249122359,0.008108521486603822
0.7972603387145875,0.07577785958007989,-0.6679586103610594
1.3250452776288428,0.3599632233733432,0.10711969750778923
-0.1416478825845029,-0.11874224371190781,-0.2085502443572464
1.174097486123809,1.0369531198081965,1.1533261707020876
0.17525456394094388,0.10024746947940208,-0.36082106383660656
1.4351314527747183,0.3463833253895208,-0.2496434621020626
1.452735433742608,0.33780109656797774,-0.1573929399351899
-0.16178708615449017,-0.12642492239102657,-0.6194463502776014
1.1166329530168977,-0.1017993368226092,-0.2586611233641798
-0.43513326381620926,0.3315741769819585,-0.31615015967836224
1.2995263434365445,0.928811617724812,0.2831477427406062
1.5663450158156138,0.16179524573219717,-0.3029842456258089
1.539293080309832,0.5480944128054377,0.04093159168130376
-0.5124286112677164,0.5236047919594672,-0.3199501740538395
-0.11608506780076963,-0.371941838884218,0.154191431853071
0.6740381257835616,0.022206432039846975,-0.4796150325887094
-0.18776987598059572,-0.17154399398281284,-0.3026389207234577
0.36661322163488785,0.1180461925823805,0.4941657765717446
0.03931103599464643,0.13047909631688365,0.06247822140845529
0.9224968048843479,0.130733650345541,-0.8881926287962981
0.16131280424596403,0.2565689637018193,-0.7385734527411205
-0.10795441069775905,-0.1906674483585399,-0.8496245438833538
-0.20827736061225377,0.1539084823066665,-0.5413857329213698
-0.15546672282870613,-0.08143084702574532,-0.7529796167805584
1.0792873285139155,0.0633411614969447,-0.855928644398981
-0.45678374385548576,0.4913431542683257,-0.41923591669231464
1.0978882715904066,0.017098497217095217,-0.7624851812119252
-0.46115511775115775,0.5273205203782568,-0.4591449116464714
0.06321775088940663,0.06136077236763819,-0.6110448469256716
-0.6317530198850853,1.123902218640281,0.4346056889214291
1.1651069933525524,0.718890726725446,0.22369627224076785
0.9230234946814891,-0.516972850975805,0.8040786606464098
1.6757809775945982,0.7260550948622596,-0.037841661992414836
-0.4777338612975172,0.4293934204232113,-0.3322868967039914
1.7417479604170139,0.5356621227409449,-0.001219317149026371
1.0796561053957734,1.6033025770860434,0.9100964423428012
1.4448906011347757,0.7624948458321907,1.4159471819753018
-0.3818337870349328,0.18607921006256015,-0.6215571876890764
-0.23741951705802145,0.02948220828743957,-0.6678054763194824
-0.7268569147219774,0.4028004133244803,-0.33487926551590563
-0.865298576255757,1.2283707605246235,0.08652840261585472
1.6571519979636082,0.71534228552011,0.527779423440324
0.5797383452470756,1.0576995115340846,0.2655749329001892
-0.26835956535879507,0.24040771641488715,-0.3448939724517393
1.2162741181724053,0.35248147066465185,-0.4136295442493642
1.8048470725013575,0.24226787175610423,0.6294429472665182
-0.24866274232775618,-0.6603802908100628,0.024296820528005577
-0.4445451892345534,-0.3728985576087195,1.4804754328072551
-0.395928014192078,-0.21423419045921832,-0.639822349326484
-0.9711690208242468,1.1004080544120975,0.33132150133557686
-0.4230323134155053,-0.7347495001983689,0.6847474143394592
-0.3131826538448659,-0.6502399855081888,-0.14017004898815935
-0.3339911140729828,-0.0620129795662557,-0.7463240816134779
-0.5921069919939168,-0.22954370594374973,0.3783902720358352
-0.23054245770202172,0.06805734329036317,-0.7288847100510494
1.1921013027507843,0.22612626279144285,0.7565369928460624
-0.40900767389186404,-0.8440581948980899,-0.2576367297449054
-0.2578058352253491,0.08223603307182135,-0.492973999630275
-0.8978120243275648,0.38430946171344926,0.8742648921419464
0.9654755288397388,-0.07647705305401524,-0.26192067243470296
1.7771313479062945,0.5541604820195748,-0.15815730215368212
0.7321719131041136,-0.27346219957605744,0.7873336984035875
0.1310429906572905,0.2764323130961607,-0.394026895790693
0.9893832631404612,0.28859129614658585,0.6408171481347639
0.014681022491071644,-0.664498105673595,-0.6202909837585359
-0.23953719189535375,-0.8882647541997962,-0.11770547095998657
-0.8157211655318227,1.063280352771844,0.53599599736364
-0.27702140151910626,-0.04721573040699318,-1.14444120622823
-0.2054873769798884,-0.6588851923681978,-0.00915470284706317
-0.29186274905284193,-0.009340505605202283,-0.5921463779220512
-0.5350437546593071,-0.5066542486472093,0.3013938100446061
-0.5932656679148965,0.05324082689726213,0.21842934276010884
0.98367185640164,-0.6119030939927537,0.5444833460804521
-0.44900170492530245,-0.5988328593020534,0.9318567124098134
0.17745496783642506,-0.07186528863659729,-0.9159478598125551
0.020329710391704104,1.0579846735131875,0.29810442428956135
-0.8595280262787995,1.0062812152845002,-0.18531668451804598
-0.9534346146153209,0.5598206654714291,0.053844563763393936
-0.6244847418846997,-0.5744374177861951,1.5375098895358903
1.2000463805780708,0.292666874282313,-0.08370020313899172
0.8441297884022374,-0.5367332908014908,0.09464383522508515
0.8224083920988453,-0.0650546805965107,-0.4434849829113215
-0.2811046490382644,-0.033003004851716526,-0.7240229049355342
1.1360764234027583,0.5645190136780315,-0.2704020612486949
0.28828961275511067,-0.6563582706294872,0.9843216344424657
-0.9073599227421046,1.0272734416130933,0.4527114195431611
-0.5192667329464946,0.5045247821249619,-0.30291255664507494
-0.9463077045945691,1.1356054497222263,0.3448942545982281
0.988429170430668,0.3928516865587938,-0.46051014828431325
0.5445651507924296,-1.0886906954758107,0.21092111581826042
1.0170392712465424,0.41109837958411677,-0.11387704421485556
-0.337761519306585,-0.709840024741028,0.16283204865227513
-0.23615805198524273,-0.7652066836403861,-0.3894554555677771
0.019469438266648733,-1.238483928503304,-0.05540257153468743
-0.23678810000830414,-0.24376657147029504,-0.7077260284825325
0.8445398965683237,0.07537018732496142,1.3390431441285218
0.3700131014235337,-0.6553245532290576,-0.003327545693944872
0.8535699353652774,-0.6016628837762885,0.014998095904274297
-0.9168340672528325,1.2090013018199577,0.6206813845061099
0.6259795406087021,0.6398577390377757,0.7262447432341347
-0.25651770897522014,-0.6610603023717566,0.006951271857991275
0.22648271416209154,-0.5918501080309384,-0.2463376797710755
-0.5584309715474935,-0.4751950061737269,0.4140197111323112
0.5412431645698823,0.7583117879688814,1.2359697347888656
-0.6325904740019115,0.8889139831427427,-0.001042651680864769
-0.5448123608197123,0.6358445902952506,-0.7235094470625257
-0.17155312655834046,-0.9598893969832945,0.5112874258150413
-0.20466305060616924,-0.6374419108116115,0.02483052339903451
-0.8280941140251429,1.0855087767582001,0.08938759075027909
-0.17131425420263885,-0.9943363988398418,0.09491095576992287
-0.6087317123819465,0.6705876299674661,-0.2644548694083141
-0.6266924807600689,0.36958258296104307,-0.4495943847281432
-0.3414482307698771,-0.6964560901809765,-0.03256521454643744
-0.2059358833148081,-0.7069928644395302,-0.03394045582647193
0.5821588798088925,0.5494158678676828,1.4017226731859915
-0.8121685293250371,1.0597062548328484,0.09178950997978205
0.44584351784365445,-0.019589523113898766,-1.0217331574288178
0.4768353811936602,-0.07537993355095826,-0.9984233272775854
0.5930340160788342,1.075811583258929,0.2514352252329696
-0.8669312429711934,-0.27173639588851994,0.8984069917178817
0.37895761073831497,0.1560232209758708,-0.5570468247171585
0.3226530766842929,0.4008798735697826,-0.23358616075088007
-0.2889313455815684,0.2297574655984388,-0.6109342293788166
-0.5642126014015492,0.6332910488648398,-0.5394365121286473
-0.3275354553136507,-0.06610265500170036,-0.5044449810654958
-0.7825601270204869,0.7820578952015799,0.2915224114008976
-0.2267942931426262,-0.9615429295982676,0.2206234539922146
-0.5743160335524841,0.6577904250701898,-0.30123953054674985
-0.1119677182660504,-1.1472624511265608,0.21661420236076193
-0.5411658221177331,-0.4282791410429469,-0.07970350785277953
-0.37993151675769277,0.31851619581344004,0.12214346964409237
-0.23729712382821974,-0.6727279479525722,-0.25629132756630835
-0.1776597629473219,0.11641798306653503,-0.44904646597825393
0.8820609570155684,-0.7745080550370472,-0.3182876536860089
-0.23549541157463486,-0.23797101909200738,-0.04939207881340079
-0.21218970022546504,-0.06873286455763643,-0.38455092278762565
-0.7699750546192279,0.7876825813611876,0.1947704733100594
-0.2918572026403804,0.307391389555657,-0.7672981388574422
0.16725227918580865,-0.032607375549354035,-0.25174947621223254
-0.194974697483319,0.00219719622259534,-0.6479952071290302
-0.256112816166808,-0.10631772695602801,-1.2939699525623898
0.7272006545598372,-0.5148993291588387,0.7158658874753552
0.920154292631821,-0.12617041205743523,-0.9165590953989811
1.4676924767409192,0.2361753871317965,-0.4597932233688815
0.18602622114072404,0.09766823046793799,-0.37948790209795663
0.853483580745487,0.029328943378115296,-1.045724737936795
-0.3621960383613095,-0.0059667146768753905,0.13345701205808447
0.2568817402772195,-0.20616743888934436,0.0662458193840338
-0.3302106661351423,-0.26219136797450526,-0.10643710879279118
0.19200340075295064,0.10792204125474793,-0.3617646643528187
-0.22209798007138412,-0.06005860630765867,-0.4183083258879251
-0.14143725625274783,-0.27313733994681066,-0.050157259685859046
0.2139959170783979,-0.1256449535985277,-0.02619467877832284
1.4581105378105736,0.3002841280006843,-0.15013219206030093
1.1019159728474799,-0.10937920264730447,-0.26203051246477166
0.15438831500398326,0.2051140664812333,-0.7041908752093596
-0.04574428204306589,0.5352816848341896,-0.5466807819150024
-0.34762494260682686,0.04085029314785791,-0.32009117863367276
0.40695761457341906,0.12250921417795077,-0.2465821673952786
0.5902817120910786,0.5441827370080256,0.2936556161453767
-0.07419162415391918,-0.33111237006033245,0.04428858191842885
0.4418510460516009,-0.026452292536498754,0.04097099888719278
0.6765436244606383,0.06253905110788438,-0.8828705574971212
0.026416630684459836,-0.010405082529100754,-0.3055456086727374
-0.14440197224634815,-0.07915306730413144,-0.7132124380683866
0.14093547957298203,0.37097988777945257,0.3399001690256098
-0.08270597459231173,0.40824225928739805,0.025505807734740663
-0.21086776243358504,-0.06494585245941165,-0.5241709307223189
-0.8506830050333062,1.0593762143053593,0.03891691776574469
0.9890897507456844,0.2395350093703753,-0.8873901823062156
-0.41210869341220735,0.20661826789534238,0.2754715229831019
-0.18161679799748986,-0.18066358158213872,-0.9432444919949124
1.1860478670790782,0.19452279345526172,-0.06975838680653676
-0.20322747483738557,-0.018276887200553437,-0.1147465982331879
1.697013512011067,0.709669850326019,-0.2729233905714618
-0.4604511239288903,-0.7025695100656884,-0.3017310141256299
-0.07013159291815513,-1.0213347037412923,-0.877302864682386
0.31724668347283436,-0.7459647559198069,-0.12873340874223343
-0.8595092859284285,1.2007996681749262,0.009211196585252688
-0.44427018605352686,-0.11990705672392295,-0.7927891330492073
-0.04829700085625901,0.6734275253589149,-0.37490184004882365
-0.30630105584636436,-0.4982015656422766,-0.09394877618076299
0.11273114694461125,0.13386098348885517,-0.9876811604702035
-0.977528494242304,1.0973892975837325,0.3341608025755256
-0.19460869292702382,-0.9861957858432145,0.5816243456315766
-0.310390362891781,0.19890380663767884,-0.8112256121346854
-0.4305401496954961,0.07736393702280939,-0.42722396120802114
-1.0008046608040737,0.9653901067427941,0.5109866377923323
-0.25291911278144685,-0.7651469172191432,-0.5106032527022466
-1.115872402269474,0.828469542363982,0.15055041790821722
1.2895322111846532,0.08048732553641057,0.3062946518561638
-0.2474392472093485,0.02791781746135793,-1.3322110483174783
-0.9984511184693867,0.961781172992407,0.5227813529427363
0.38562974167640923,-0.0943242510448431,-1.099655254456678
-0.2674541237165361,-1.2478761503244191,0.1690053032494967
0.9019683909835198,-0.901871796314113,0.15803396082700916
-0.43470586799002653,-0.8602223894241712,0.20950080134216986
0.760077915750665,-0.7404955999336417,0.7563082540382065
-0.7650685146794148,-0.21829113267516262,1.1080945223198997
-0.170299897476795,-0.770800065277603,-0.13327757380719368
1.6989455540021736,0.7110771556459956,-0.2860827741005707
-0.3603421328684212,-0.7989320050205702,0.12928306197394296
1.1605838761185345,0.2764770370392652,-0.10552021682772952
-0.9779072197914087,0.9182137583463416,0.4922349692378895
-0.3409007520619994,-0.7744313319254433,0.18911574100858194
0.2734950174335817,0.28235754485204373,-0.19140273985934542
-0.47961307993253977,-0.010562821573746885,0.765731432312024
-0.3102028025633213,-0.17451501701147476,0.20903663310114415
-0.44903430126206567,0.6140844917166973,-0.43031692891459855
-0.991285939131387,1.1006119667978103,-0.2999019042252274
0.6391031854410627,0.0998608621602163,-0.6312931454656094
0.867179227422953,0.06446726926784044,-0.734708038058882
-0.8926759973699895,1.0473635700178117,0.5654315455604227
-0.6019867120049385,-0.2871496661433254,0.03515004725082472
0.41968016530454455,-0.666026391665641,-0.24715310518302666
-0.20744341143755968,-0.9703664273575808,0.4630471153040198
-0.939508329231048,0.9804438064656279,0.019661795181561293
0.07302247783895159,1.134906139907127,0.6460922631941529
0.7545208459609142,-0.6687520494203731,0.24172668384823331
0.3116389614749801,-0.7041728951043604,-0.6864858244545415
-0.3360079497565098,0.6138685111490776,1.0608882928439587
-0.482820098134031,0.10088887511557405,-0.0869625691034254
0.7580483189601,-0.8939690079151392,0.9441763142898503
-0.6665580243559662,-0.49162793055270204,0.15051827163477446
-0.5909253371601515,-0.22144285735638203,-0.24545500520386762
-0.2081494695546937,-1.121372607816609,-0.03289962282218477
-0.9198203827072653,0.9646721041078201,0.21342442187995336
-0.2784215391137976,-0.6693874003036876,0.0058550528746384445
0.860496255882426,0.6736104037636055,0.10286333255898789
0.31624016168785646,-0.8907421423839167,0.5892687940775363
-0.001109387043838362,-1.0441695431202718,-0.0450460100083982
0.856731385187665,-0.7379963946109904,-0.1575714165511585
0.4665986746058978,1.3910774220585214,0.8145663028190581
-0.20935575015177377,-1.077816325182743,0.6831691857392058
-0.2920351541818974,0.1357856012203706,-0.7575920443811457
0.13987125118231286,-0.7343665473257215,-0.1365762731120526
-0.36580840376477114,0.22744523342027384,-0.6684396707791047
-0.19976024233121478,-0.9805397022431561,0.5519687492470593
-0.3925150909135597,0.22248838830705867,-0.6685633246797269
-0.44904206226232085,-0.6879135827641971,-0.01920043934829383
-0.6043559464507369,-0.13847198530129784,0.15954238495978668
-0.6436814500035092,0.7771779524822081,-0.18950557387559888
-0.8788403245030959,0.39818805163149174,0.8281799014552791
-0.29314788961401583,-0.507641125895563,-0.3663270248668673
-0.2600837351717732,-0.7553981542833743,0.04381181051363114
-0.7430060086084845,0.6797083050526613,0.6715151358924188
0.004770939361161142,-0.25243957711070586,0.3825504151015235
1.0284599068965028,-0.4215040336895337,-0.06598644932709324
0.48472022517176355,0.5668101571749551,-0.2775000490525384
0.7325449998894583,1.0183228692437372,0.7982712861803706
-0.2511603161942887,0.32521714226528137,-0.755631974814349
-0.19470632206595806,-0.34360611423965526,-1.0538463295200045
-0.9470658708813636,0.0524286711372578,0.9081961370014723
-0.0922553591949191,0.3740229718672337,0.18185413459979186
-0.19932311375697048,0.0647115324724248,-0.6550121159110635
-0.08691979230177473,-0.3449889782337904,0.05403561112879185
-0.4714832022384203,0.14284820190031183,-0.6943050494154596
-0.381754010370929,-0.14392233985022793,-0.2641585663202903
-0.5787092154331684,0.33692504605148316,-0.5398088135154719
1.1382519980434167,-0.018766700156998804,-0.37911289817124194
1.206378455483023,0.2713693105878375,-0.7017585123954937
-0.25682617733616264,0.4438420382266583,-0.1795176178829928
-0.5194243733724273,0.20410274783996862,-0.15312201095159933
-0.25424079318185017,0.16943082143927762,-0.4207744229228703
-0.34806924261446864,-0.05256969018992885,-0.12842055862218696
-0.4951053597126076,0.15398781826998204,0.16378817636288281
-0.13538296761960483,0.12420140926523253,-0.36730280199695414
0.08745297623538306,0.36316403473424724,-0.5324761221715243
0.17504313959078702,0.020224288839209868,-0.9201984170886777
-0.18668541238910766,0.14041818836160241,0.40184623706608896
-0.010689429217440965,0.060350899053561446,-0.38266198507738636
-0.13475491579815124,0.5650268243905667,-0.6840686480885178
-0.03001123390744646,0.14724465816430915,-1.0157622568920908
-0.5252950207760202,0.5935646493980784,-0.4778688025363097
-0.8688755208162062,1.0134307607622213,0.254481014902634
-0.2786967109634189,0.5374939049491998,-0.27831294524520234
-0.7887006926319282,0.736571869768746,0.1329203087360573
0.19139885862047445,0.0114162548261342,-0.7862621454879244
1.110774628176286,0.7830306548144983,0.14377005715248387
-0.7152294371862913,-0.3630452867138449,1.0873346010984308
1.6156829885490733,0.5968078083117058,0.7017947928065467
0.3438154847630023,0.038136028952432184,-0.5769141012040484
1.0328754415614658,0.2878123578679036,-0.218251926523853
-0.2830212001171659,0.03227288623948229,-0.5849373162283759
-0.9225364022462894,0.9469858206885875,-0.23076522293850815
1.3245444228246381,0.3231275603543999,0.8867778165108207
-0.8701964933138634,1.2805889529920296,0.7000463835757437
1.696438395055019,0.4692902342844853,-0.0726363353318261
-0.3138087690268026,-0.6882234870879923,0.011754823538109199
0.3724068366416024,-0.7293026209559853,-0.15190623489437377
-0.9678415734717507,0.9786111875796952,0.5135010760134909
-0.8315212127691816,1.0124033709630653,0.4022424029800156
-0.2193915682531425,-1.1326239523631074,0.3035836239620978
-0.26739133393223186,0.051334821898221916,-0.900901714382556
-0.6339748854516223,0.2570554161775094,0.03872097857571871
-0.35890314282894475,-0.7564994206436948,-0.4561685390732028
0.8641926004140128,-0.027607748106156765,-0.7122463410871426
1.3737140078853807,0.0477843090721335,-0.12500211658762722
0.6276554166160309,0.26203575428058806,-0.5094813205839863
1.4233889046469586,1.0870457949101342,0.06228865167961428
-0.9244270790434135,1.2046958658412055,0.639100551882301
0.15608068027107744,-0.3809120801505513,-0.06619204895445435
1.6309413022172596,0.820268638107015,-0.07475896444481388
-0.13190659830801263,0.054308672715595176,-1.0265609323236895
-0.8411798397526182,1.071292786646895,0.1034991948031601
0.5085542834827111,-0.8855726984814608,0.5216808431467562
-0.3558660467788695,0.20437748387461444,-0.8742118999880127
-0.9258799012069806,1.2031425528003206,0.6354276882212883
-0.3662953463837298,-0.5945047583931177,-0.2296994698395155
1.502749973089125,0.4489811468364938,0.3477367271143259
1.2142856337252594,0.20202711955251934,0.8107202321681705
-0.12534859502685508,-1.0054425556107542,0.4589304650396999
-0.7934745413314295,0.4790422402738876,0.22376738519715614
0.48863241594041756,-0.6033023469614225,1.0309169086894237
-0.27170755687532344,-0.7761448874226095,-0.18908386808742939
0.8581671143582427,-0.7807672694754982,0.7721401926365458
0.9653730318360848,0.48802866773996295,1.345592886972746
-0.8376614446405384,0.8792177697338345,0.010594454467853148
0.9353763904037405,-0.9409720309509736,-0.13355283021346623
0.4643686039822335,-0.9807801085346024,0.5476042097676878
-0.17104053223075064,-0.7745945030301679,0.08520364865460671
-0.2951667121790582,-0.7522296022758588,-0.1268199801669026
-0.6607230468051696,0.2776586338444633,-0.020593141842558456
-0.346994723437525,-0.013557968956719126,-0.7379962205437641
0.3238083713969168,-0.6234627357885411,-0.19458501023219943
-0.8252653040566388,0.8857646654069727,0.018343985624821906
0.8589677571495986,0.050395286681363984,-0.4066659257584314
-0.2372134347829014,-0.9895133236493586,-0.6541594609047021
-0.27430073089069895,-1.0001588579447733,0.5054476099352079
-0.38081357412318334,-1.1450615862654512,0.2899848163102575
-1.0324007415872085,0.8861445959260944,0.5550265723867999
-0.22653438297484077,-0.8377245249825723,-0.4580598648059708
-0.2607228097292798,-0.11895456172332469,0.7229026372111884
-0.3511689227340666,-0.5078915688789102,-0.10430590389115042
-0.13292983521694132,-0.1397317277284448,0.6329004445368089
-0.3014365247636287,0.05149199348798398,-1.051387813257003
1.539799289654746,0.595636197287502,-0.028861718245222427
0.8211700991742749,-0.5629701879252517,0.5335752491581797
-0.26143530233558826,-0.0404101963892403,-0.8389662880567845
-0.24974763191572338,0.08000686209429506,-0.5887363277633567
-0.25441526191885944,1.3033585943656354,0.3004911627998163
-0.9899451226549649,0.9863185726309177,0.513838511591961
-0.29453651975301787,-0.08962802327256976,-0.7335744319171902
1.271871183439338,0.2738428783630247,-0.04823943570517019
-0.23293415684287547,0.07279665736014554,-0.7332285464847605
-0.11725975267436077,-0.6145351744137116,0.11124739172345467
0.4093566758929856,-0.8656364396629345,0.4398427811234237
-0.4808900605397694,0.14688820428883773,-1.125573614255284
0.7597265692018236,0.17671402197574437,0.3483384492637652
-0.713677566424034,0.49597800635318634,-0.016748509228040196
-0.3583100348455892,-0.40826949252264877,0.06865117640723734
-0.22921738219299578,0.0910154897706579,-0.5126860938810914
-0.5650593164649002,1.1349695445350303,0.6229391842112478
0.7635606170723686,-0.6920061863507573,0.25573383941425115
-0.5159177019772662,0.39360553357042205,-0.619159748773884
-0.5692534345509833,-0.6053496120446832,1.4553613295445826
-0.24464014333892709,-0.7742101839976228,0.1427503506745643
-0.3113528250581905,0.16593608320212633,-0.5434996012635502
-0.9233423288976148,1.2165134983996833,0.0638838672826965
-0.26359588908893994,-0.10283520766515584,-1.068528091095421
1.2504442500067936,0.16942029895854094,0.2817165746885915
-0.3616759291981735,0.013051838927707622,-0.26584468060087313
-0.31340568603898794,-0.6382036557077927,0.44813551241335203
0.3555840343896103,-0.8142666769746637,-0.10423787220162797
-0.3392500553320117,-0.5765154506570394,-0.2443937140864524
-0.31243701624751313,0.06994974386143708,-0.529078437225462
-0.3766682983629792,-0.721104304399585,0.4245145134691713
-0.31650988969607663,0.4268863733486553,-0.5286003960146768
-0.34504426749196104,-0.03843114697562846,-1.1246300098205628
0.5715188455563348,0.27755786467883325,-0.44654777445544847
-0.4218284036296908,-0.1484152737452581,0.3729927000458707
-0.15444941593026273,-0.9646861197481976,0.07172243193242712
-0.4503922705771633,0.7126940889069264,0.8708923537674662
0.17735207721003257,-0.30543082435455166,1.5520205742642417
-0.2042147754027665,-0.7956562902367985,-0.7345770821379506
0.8150748632854167,-0.6662617010829955,-0.29402179346686774
-0.21054260629597668,-0.88267047424026,0.3624783382242716
-0.2666685224078591,-0.7581035143927984,0.19011978992866826
-0.3323316389778244,-0.011781608181808968,-0.6653601601126299
-0.38168153874266014,0.7091410291765656,0.0124404830155409
-0.2912779748004974,-0.7731186225149822,-0.21764888687505018
0.7368669680928568,-0.4496269200305002,1.229793857084735
-0.8824831776974527,1.0954447617577756,0.07308004014813022
-0.17749785806381152,-0.901257216540844,0.28238450995075093
-0.9280982146548565,0.14851356897123627,1.1482423203369403
-0.7155955077195735,0.06608667620078187,0.6425150224864097
-0.6044418742761114,0.5820303524301161,-0.42130193479589667
-0.2332800938226423,-0.8543229178213397,-0.11043776145515673
-0.868774128209747,0.9686825962020044,0.06629888615748454
-0.3192648258518297,0.06522029119305925,-0.5430632772572244
-0.3214831505772089,-0.48757029249686706,-0.11464152998562709
0.17776845463753538,-0.8151770602577502,-0.5187831533029734
-0.7279621479321414,0.9108006485451159,0.2691723634020285
-0.5667917035832781,0.3901181226085985,-0.414258121774713
-0.27274317182579466,0.09272028344812792,-0.16306183235367602
-0.6871023972694927,0.6455499878502985,-0.022039403635148398
-0.2858988707692934,0.15172820022779934,-0.40645517253031826
-0.25621827357309634,0.06047858201996032,-0.7099913603868324
-0.5856533228192262,0.43276253981721335,0.06022255566945919
-0.9124407473071254,0.7682953369643173,-0.15011919108103863
-0.2712589361024037,-0.030652180017533774,-0.15530423891598294
0.3580866886518098,-0.37563019923970054,-0.32992651379056187
-0.4044856427592212,-0.05102738240967041,0.4918221886482906
-0.25467494691123205,0.037112400624398086,-0.9058105989533125
-0.5724207472794399,0.3534771281653772,-0.6141749424665164
-0.25958973427526705,-0.721002386449242,-0.07585692644334083
-0.08715788484680188,0.3795038629358422,0.17498597912992064
0.14929461835571128,0.277569939503711,-0.4694379706478286
-0.6172545700986583,-0.4452121463548843,0.9876809033893813
-0.2719263749067772,0.10003577712832366,-0.4461734651736925
-0.6249903925044586,0.7104502554961306,-0.19769863283667105
-0.2993170877951565,0.01819470178093261,-0.445398788860666
0.8377622064988116,-0.04693249082446016,-1.058046730834822
0.354208959256326,0.5023318321087339,-0.00178885911110974
1.0694395448867529,-0.11577582502832062,-0.2707587381871658
-0.4030530908483561,0.4350268057435879,0.3403416405846529
0.3406295113863983,0.04006323279621984,0.42612660761114857
-0.5894207049835857,0.8876746459226431,-0.2913906182565527
-0.5836952001341349,0.4300022178386659,0.0712397299618909
-0.5355089552008742,0.14398042324685745,-0.4570993262580294
0.6184003109953867,0.25541014994589656,-0.16285301965814877
0.05999145475396622,0.1299067556085912,-0.3243233394638345
-0.15731776627542884,0.6454303516554842,-0.25715847819806403
-0.3442036524542554,0.07690154235542493,0.34285493331032657
-0.31159229125826743,-0.036965912768320425,-0.3999888446301595
0.2743850737500366,-0.746899392528375,-0.0725760524322207
-1.0083009974993564,0.2244392272402311,0.9961787353746101
-0.3154209713228615,-1.0436228092507103,0.3891151515955208
-0.48182414659714706,-0.3953644665982375,0.7082862843812034
-0.9559996157434997,0.5835015827102635,0.10656940145708702
0.7174084264362972,0.39397408218523255,-0.6210966627414625
-0.08903419446738868,-0.22079662228140506,0.32647662213790546
0.7811414583721458,0.8058467666241663,0.08264405482073363
-0.34112131174694216,-0.0721079454995995,-1.170675218003465
-1.0225229109225655,0.3062878925556974,0.7764300335026618
-0.27489004494753144,0.0507618061559777,-0.7430252397186329
-0.3825861219074048,0.22096588227752492,-0.6380235418729988
-0.3843587906698855,-0.5237083639905065,-0.10357492706289333
0.5115019666208964,-0.20101040697928724,-0.9106462885246719
1.6028138922024386,0.5111855478690468,0.022674356205739314
0.8343495441621949,0.14547933991956508,-0.551406367370203
-1.0061590710369592,0.9057783461847441,0.22145370256873356
1.7204596352729227,0.5501031160641372,-0.003974966553262208
-0.6499824103089473,-0.27584068102009707,0.16136189079986077
-0.8974740138348882,1.2221952473365645,0.07422893224435011
-0.44026505516272196,0.5312547038593122,-0.3278778379388232
0.22682256899640335,0.11123228871689508,-0.3031042178148305
-0.5858396177557392,0.3221668191131908,-0.9399220656181015
-0.9438345504042062,1.1772135885703556,0.647514986448613
-0.5643228747056553,-0.10295052277429666,-0.32789579546262504
-1.0012270127424308,0.9700348283898895,0.5012341433800279
0.18064512255236298,0.07038275259962407,-0.39042569757483203
-0.41210298937729395,-0.10759687061696398,-0.942528397504465
-1.1301681644075736,0.6890752287584209,0.10969836304339582
-0.6033282595918059,-0.17685143273327353,0.2458706304235058
-0.9367133919891774,0.8584617940532236,0.6273337016268636
-0.33300969558465726,-0.530117104770087,-0.33409918203804784
-0.4409878435424969,-0.9740761111326055,-0.13632476128635676
-0.3470026973532363,0.1379208825465374,-1.1606811419195964
-0.962957691403455,0.9063497446867866,-0.1114520367719039
0.27003521681639636,1.448328725321002,0.5093508479986648
-0.31443323425482833,-0.9503507473600975,-0.42625170566139187
0.3351187472339827,-0.1505640257927771,0.3305679437046441
-0.21408438667379828,-0.963317516642923,0.2541613726614981
-0.23888943750455344,0.3209704524633973,-0.7172748459861951
0.5089837443420663,1.4744379817185929,0.5980286386392593
1.5162418750228226,0.39365032544927797,0.5131154240420301
0.6731602083688089,-0.11471566159020324,0.04529088077131679
0.09714977113769195,-0.7090196558870685,0.29369927943921786
0.40812735848520804,-0.6115865687523769,0.06062937475479735
0.19545285942989313,-0.9027819818111027,-0.6059989893057819
-0.21203576831112375,-0.9750658176382185,0.45148743418085396
-0.3815476017283929,-0.8541623115750191,0.751821020153357
-0.18746680234091226,-0.27376847734190846,-1.2856567278630116
-0.24775508481702843,-0.849305542972631,-0.31208149588141243
-0.8886175285094553,1.1793526067518543,-0.04882701814136454
0.2641763693500208,-0.8575611413681239,-0.035663914378058506
-0.34785066443673934,-0.818375697506747,-0.10042446021966525
-0.3255425842605794,-0.753413271467881,0.8185744181083372
-0.22169173654671945,-1.149114019796203,0.7400950944052261
-0.32573787611423544,0.21482858414392805,0.9244876728748052
-0.6144410001871737,0.23828550686871294,0.3191705919739211
-0.2910889718324874,-1.0426589154183046,0.12575877488870485
-0.3267464478960149,-0.03523728947075365,-0.7101097115175173
-0.24276013837942242,-0.456461219211439,-0.3642502163350037
-1.0072172137941682,0.8281496349027397,-0.41239257685938463
-0.40472783435542253,-0.913297140787599,0.8825328827852851
-0.38145844487502467,0.4053972117079504,-0.3729412046491893
-0.21736627563384459,-0.3337203634295537,0.6314380244993254
0.1635446479986476,-0.6899688053553996,-0.014809383777590052
0.3069246874523346,-0.5246712180138502,-0.39854994607275285
-0.480199300670447,-0.11477713504038704,-0.5095646804637353
-0.22015421462641815,0.10725110700415391,-0.49507514919787643
-0.36637844521639357,-0.5516947673526692,-0.14126657619148966
-0.3935092267152816,-0.7742987684599267,-0.21864100588233917
-0.2131854488046519,-0.9875737783607065,0.5610076983941864
0.35322273850402863,-0.7532940423621589,0.17399590955569805
0.28877007530178384,-0.7531793265463915,-0.16930831570739305
-0.3412076029072397,-0.5708120107802998,-0.30045031283539847
-0.5192527401148489,0.04127991865516143,0.3569781992695456
-0.056630836801307156,0.30474012289190455,1.0324273409040818
-0.8273432554326762,0.5723150647131862,0.0007134953524264472
-0.4310103096964761,-0.09430403919733674,0.10575813734676505
-0.6823272198303316,0.13888414279875613,0.2974850604431162
-0.5990715241582307,-0.11677992876428363,0.23730880430992518
-0.27079292878670214,0.07798186128773804,-0.48833094411251715
-0.2361132317552789,-1.1326140408009564,0.687927791431455
-0.3828315104766051,-0.7338269552297828,-0.5493585227733129
0.9554088958213494,-0.6879104687697373,0.40219188833440256
-0.41460141239106124,-0.4482106410008813,-0.12485968192300924
-0.33510283991845474,0.21667306417440457,-0.8815448887178395
-0.962293624568753,0.7745055056121325,0.1575701032972862
0.43278110169676615,0.6516166156964469,-0.46996575456359335
-0.15649677441991383,-0.9527126129007361,0.26975394560880567
0.19306176888236146,0.0401659665179694,-0.6216093169270679
-0.18283503160129505,-1.0458722192614398,0.5765030270515861
-0.247422945100342,0.06864020784494919,-0.5647350507514607
-0.3037954510494093,0.10150456823888353,-0.6842310529570774
0.811400654890665,0.2114423825287928,0.18104200074416085
0.7445991693553177,0.10217154004257063,-0.5543534879833051
-0.6039835085706285,-0.11759105261710626,0.23066197211944817
-0.3503752062175838,-0.5125920331641103,-0.12860576234542193
-0.31432172885749743,0.07090630963727461,-0.5285407644820908
-0.39387249732337704,0.21094725405678175,-0.5915987279434548
-0.26979339119441687,0.03249851938769591,-0.6816475115535133
-0.6295441689423911,-0.23406464231376892,0.30798132657676797
0.21071349784558605,1.59822985798719,0.4643164434940183
-0.21645540591932133,-0.9692173359607876,0.4281529306701446
-0.2570198342727714,-0.8154234935758442,-0.08831354882535583
-0.3043091800866486,0.07403102690406324,-0.5320408671122155
-0.4279778913460965,-0.6575739547222584,-0.015122395924316726
-0.17697076378421767,-1.0468815926888344,0.4888998905015046
-0.9240482160212358,1.2177143839609659,0.04009969976467834
0.7862666436928588,0.2842835081391002,-0.01942759360366967
0.09764843240816741,-0.5168275215228687,-0.14227725239210223
0.33597779673691214,-0.06626987772573732,-0.8214014641854341
-0.29108063508756926,0.36839102811907093,0.07194892687757067
0.6103227064533538,-1.14892803550914,0.14801528717645135
-0.26153192582621093,-0.8401885101947547,0.25523917516584277
-0.6032589457343603,0.7518360594022966,-0.414674634340477
-0.3208199970839384,-0.7379856703615107,0.21885384373146116
-0.4357942810665029,0.7228670436938225,-0.24973080965406938
-0.2901140267507307,-0.6640629707314564,-0.013887681726610798
-0.9482591975230147,1.0645539092500107,0.6076653662192719
-0.8593110775344782,0.22756571078423918,0.9438093250140897
-0.3118920212720992,-0.6722132326090154,-0.02192346697915979
-0.6331750961700746,0.6871493052730108,-0.18403802707666594
-0.19255050373708368,1.2867398328248787,-0.032376641472322464
-0.5796929542448477,-0.39343610499112536,0.5203344310253065
-0.18198996740087117,-0.9226986241967244,-0.2503409348471041
-0.6384670893104237,0.6694642189452764,-0.26872619522515334
-0.6102211312574872,-0.5597041877633266,1.4374529588897238
-0.6088598745189575,-0.16362711204522096,0.08510340538072544
-0.24112673003413063,-1.188161531882496,0.21318737721709566
-0.34758567286020065,-0.75869413172373,0.8384981203483289
-0.5303358172303048,-0.4101437672967092,0.32177396897622457
-0.37384221987597244,-0.8199523323028036,0.47876887778457033
-0.6193854009335685,-0.47344056339663326,1.3033316486022986
-0.2746714790245731,0.8054790068298308,0.4141966225177291
-0.5840096358733615,0.5401576068038498,-0.17260791725879043
-0.5512673926655156,0.6516281357238328,0.1209999159567533
1.0210477828129636,-0.6968497302086892,-0.3028217211756033
0.17458306120156014,-0.2755068267735546,-0.7783352722233536
0.5988009802205259,0.012009513497211022,-0.16435932438098744
0.6458982524542481,0.08845567242278948,-0.5005611431124194
-0.4986796526533125,0.8364163294360274,0.838589326423443
-0.34764485749219165,-0.022158165912699965,-0.4935613868793702
-0.21048524440084687,-0.13485369961442395,-0.231981901352128
0.8091723333586457,0.10532434919231613,-0.10265340632922396
-0.8622658793036552,0.7108493061220057,0.6642181027276933
1.2670761018581247,0.08976167037818573,-0.5866852684323614
-0.324027941322593,-0.035758117958662156,-0.33982464366245513
-0.3677639192564596,0.06125088676314752,-0.5809086421107369
0.3306264680913425,0.4371643345161958,0.2197655291964547
-0.2306725975584668,0.05796209508758126,-1.0656761616492685
-0.06210648699116127,0.19324542224652802,-0.735343050016896
0.01868841655365429,0.1488514179752913,-0.5590514250709511
-0.6204603833421144,0.3783536934123436,-0.7327375101982423
-0.03663056632052464,-0.19723320095216149,-0.89192236178527
-0.6475014759875982,0.7316696285211738,-0.04300913179686548
-0.5637931391714555,0.3631510640318177,0.02135150496307243
-0.3234874425037003,-0.07498829857150921,-0.699916771073541
-0.29593494907940887,-0.12153823446289375,-0.25170303805501454
-0.5078310343218543,-0.7985308783623332,-0.23911316402045463
0.8053804032297991,-0.6565026248499035,0.0673416103470607
-0.3814272494105606,-0.800871332736085,0.12078426611073502
-0.277927480740049,-0.2470287324322263,-0.2839091570761544
-0.3063447117733167,0.06856172920366581,-0.5086557990231436
-0.6245855600389365,0.5717451935422084,-0.4801334240587003
0.8273304601317318,-0.2658791368689681,-0.10696581896246066
0.786051218714637,0.10943594914188277,-0.4095233554689214
-0.9958865001186098,1.0910460316052062,0.314400405936362
-0.4726895790077361,-0.8335010466279847,0.7343316676376803
-0.44990578421309935,0.11376208187678061,-0.21237492286327259
-0.1355669274419875,-0.10451459620750257,-0.5336429232964077
-0.9657960844166881,1.1867652970774039,0.6258722681100015
-0.9343656726085836,1.1448876349800663,-0.22139797094176072
-0.40081756272991403,-0.8870537268320398,0.9793932789676605
-0.4015619120610208,-0.06582548420395694,-0.4226634393532207
0.7261530348698988,-0.7201652340261937,0.5984526489766228
-0.3679866430818191,-0.7700444854869026,0.8064347479262474
-0.4361090151387038,-0.03381794981549225,-0.9980291020036643
-0.8240770212577696,0.46037069116187146,0.00688631457940451
0.7184337143026548,0.3007402962152813,0.7414969333290041
-0.13550948759229897,-0.2383139202151297,1.030324405054896
-0.3693999966032558,-0.8575130444769974,0.9356600395536803
0.3035844031506396,1.3838576802727949,0.6054920882160422
-0.27800622962401234,-0.7177557615272003,-0.2765547751647719
-0.3724182659923209,0.04807278776166714,-0.5253585602099876
0.37775702460103305,-0.6400130329665125,-0.10999842225622274
-0.5320679658029931,0.5360612082212403,0.13622693273609554
-0.31862261221018995,-0.5223852097427575,-0.3394716160966227
-0.7583946613310765,-0.2606215450960291,0.9706162316091758
0.07786365406989303,0.5244810166713992,1.1357576087325778
-0.39226319518021285,-0.044353808220937714,-0.6763507275419959
0.6827482853322943,-0.6855451173101965,0.6027145386773398
-0.9451635764167353,0.1250221763393744,0.23350321988524558
1.448106257094098,0.0703944037744337,-0.08984006484467096
-0.9864642476815279,0.6935508558907316,0.14917135269906345
-0.3115725522802234,-0.008918806500265941,-0.6547978859011817
-0.376698586541537,-0.012788212158256892,-0.8132576574051258
-0.30652861158982353,-0.016201798945370067,-0.3784039508998077
-0.46735905335656225,-0.8475503404714935,0.7216414876905092
-0.9769553664542924,0.903442967841325,-0.12363596504315345
-0.2895260680332404,0.8900572758732603,0.014323658615185666
-0.270809807354005,-1.085389985139695,0.5651022088048536
-0.21068009324726827,-0.970031983067917,0.4475889553356407
0.22507596983296593,-0.1677787998538253,-1.1285172906429666
-0.3859847227327236,0.2258865844504357,-0.07618834924457982
-0.34160054456753614,0.06009319744753394,-0.45832570339341294
-0.3570542842514601,-0.5068949445138428,-0.11180774746501095
0.741485128625174,-0.1840856077020752,0.25024093163391053
-1.0487504602521636,1.035448853783367,0.4494144741360402
-0.4053569657021174,-0.5325410115770618,0.49452810407086173
-0.25974453362575617,-0.9602191442210071,-0.2695115931205999
-0.3425207632764534,-0.5957950429697375,0.5410434956603906
-0.2470685022735628,-1.1284266643610856,0.36651001617350737
-0.48277856694551313,-0.3426472582226337,0.45799707095358755
-0.2706238158498624,-0.7099896976296624,-0.1089119505012929
-0.20501595351550786,-0.07477197417064034,-0.33993198472618547
0.8452989511280505,-0.45706712627475216,-0.5264141844059532
0.29508152676947935,-0.8579436701075568,-0.5412572441903112
-0.42283916104452035,-0.6235756103024034,-0.006141683808469775
-0.22457998973046578,-0.9914972628657049,0.5583465784961639
0.8566902568703684,-0.7925158211746189,0.8904523891997134
-0.44001805823010504,0.09696048134646594,-0.6247758704370667
-0.28689810234778884,-0.6670544839330301,0.008576094444351647
-0.3028392196086521,-0.710634720915756,0.3097374746161012
0.03850426653432693,-0.7170416591839491,0.21543256541252598
0.9314323129970327,0.9513312740252707,0.6795469040514353
-0.34930434112966685,-0.5778209774394866,-0.1737125982655203
0.6142588809909062,-0.5951278317579772,0.392011717846693
-0.9519226225577245,0.9827474600406984,0.018998680367656
-0.518040327770917,0.03870312809811266,-0.17047429484478954
-0.20996724037834608,-0.9681100663116671,0.27207841223250595
-0.21853107498531274,-0.9700792131236936,-0.5156032327187114
-0.6295569957133016,0.26126634151428224,0.6876552794246376
-0.3110736352580888,-0.7556846073146417,-0.14743817102159845
-0.3695698788684348,-0.8599367367263532,0.4206307159158136
0.42454191352744136,-0.9100139302491977,0.6077330220957526
-0.23465040309123744,-0.615774593308848,0.027498378905257786
-0.8241720554141416,1.026104930028842,0.2039486203796069
-0.526385333714029,-0.12500009674838256,0.061254086688892914
1.2636113108757514,-0.19721036078078352,0.006420556476971762
-0.03737940620659647,-0.3322658075486394,0.793567371224633
-0.1754593643672199,-0.9701043902296903,0.5662528282008186
-0.39024792081958226,-0.5499107406765104,0.4863976014107835
-0.39165902627630067,-0.006568978815919409,-1.009373827517876
-0.8552036608955206,0.07494584213697612,1.023881535805542
-0.4505440637041463,-0.19740826903151437,0.22891545262174923
-0.29014668786749037,0.05044710768326211,-0.7708747854926343
-0.5507257746842948,0.45604234835120827,-0.3264817365005497
0.3151392497443154,-0.6374131534804944,-0.715566994055341
-0.3313422810473622,-1.0238733984463897,0.7387695585376173
-0.6380038207555616,-0.1311095821540052,0.21838015671793534
-0.5492079145062084,-0.344623831821196,0.584743107122162
0.7844896107185532,0.680120782125401,-0.16282114860288094
0.5365905094305355,-0.29729649680787085,0.4223766577072472
-0.6485044902517366,0.7867027957500249,-0.19090553426966556
-0.1818979399282487,-1.0277547942428105,0.16963983513531097
-0.33041207568462266,-0.5198503130855134,-0.3647771136079821
-0.6527119549938911,0.659290197428601,-0.2818028009929813
-0.6164196381229697,0.37873561215694423,0.04061009807402995
-0.3611732209600808,-0.5028602599610636,-0.13063824452811695
-0.586831653694207,-0.4625376915765496,1.3305612403102784
-0.5168636786718098,-0.7152880589596354,-0.011837166681895354
-0.721800344180309,1.1295059443718485,0.5864640400182817
-0.2996064127425514,-1.1038065831731338,0.6479644089405376
-0.2950295244927066,0.15013844691485786,-0.4091186504608679
-0.9959793003294618,0.2405846880277174,1.0049938816330128
-0.5761179274034898,-0.4548197613676019,1.323315336228118
-0.933017654584847,0.9319331484379422,-0.11046439762389541
-0.6360084285091173,0.3589190968209814,0.6001490781356782
-0.10457780646920771,0.7256559222877179,-0.17108481048448726
-0.31004677088079174,-1.0774124525697841,-0.1435374829320364
-0.41152633578785475,0.02655717477381281,-0.5758062203904178
-0.8199613116969858,1.1019789612310058,0.0711015290969329
-0.37651006064869824,-0.845319558862184,0.3232391895187576
0.7326941495196561,0.11569906176332034,-0.20616291034351628
-0.6909551187542395,0.7388746154345412,-0.4474369806385739
-0.8057142140565952,1.0310695286335974,0.15733514017523398
0.12082171248082475,-0.18730335939719167,-0.24223638864887806
-0.121071857808645,0.4526392070944676,-0.6488992829735044
-0.1807101801567191,0.11057170915442086,-0.9522450842751828
-0.32443325600579365,-0.11536872533981207,-0.2937007363698356
-0.1977538343541395,-0.0683732603964135,-0.7412135086419144
0.16265381403900064,-0.015005372352240302,-0.8627933558562532
-0.639944827775084,0.665109980274175,-0.04717091540464301
0.4015591051731712,0.10093961689014372,0.5824517281799529
